How do friends help us in problems? They give the most stupid suggestion that Lands us into another problem and helps us forgt the previous problem,,,,,,,,,,,,,
SIX chances to win CASH! From 100 to 20,000 pounds txt> CSH11 and send to 87575. Cost 150p/day, 6days, 16+ TsandCs apply Reply HL 4 info,,,,,,,,,,
Free entry in 2 a weekly comp for a chance to win an ipod. Txt POD to 80182 to get entry (std txt rate) T&C's apply 08452810073 for details 18+,,,,,,,,,,,,,
We can make a baby in yo tho,,,,,,,,,,,,,
Just haven't decided where yet eh ?,,,,,,,,,,,,,
K:)k..its good:)when are you going?,,,,,,,,,,,,,
No it will reach by 9 only. She telling she will be there. I dont know,,,,,,,,,,,,,
Wot about on wed nite I am 3 then but only til 9!,,,,,,,,,,,,,
Wen did you get so spiritual and deep. That's great,,,,,,,,,,,,,
Yep then is fine 7.30 or 8.30 for ice age.,,,,,,,,,,,,,
Argh why the fuck is nobody in town ,_,,,,,,,,,,,,
Love you aathi..love u lot..,,,,,,,,,,,,,
Whats that coming over the hill..... Is it a monster! Hope you have a great day. Things r going fine here, busy though! ,,,,,,,,,,,,
Tell me they're female :V how're you throwing in? We're deciding what all to get now,,,,,,,,,,,,,
Sunshine Hols. To claim ur med holiday send a stamped self address envelope to Drinks on Us UK, PO Box 113, Bray, Wicklow, Eire. Quiz Starts Saturday! Unsub Stop,,,,,,,,,
If you don't respond imma assume you're still asleep and imma start calling n shit,,,,,,,,,,,,,
4mths half price Orange line rental & latest camera phones 4 FREE. Had your phone 11mths ? Call MobilesDirect free on 08000938767 to update now! or2stoptxt,,,,,,,,,,,,,
Wat time u finish ur lect today?,,,,,,,,,,,,,
Babe ! What are you doing ? Where are you ? Who are you talking to ? Do you think of me ? Are you being a good boy? Are you missing me? Do you love me ?,,,,,,,,,,,,,
Oh ! A half hour is much longer in Syria than Canada, eh ? Wow you must get SO much more work done in a day than us with all that extra time ! *grins*,,,,,,,,,,,,
Camera - You are awarded a SiPix Digital Camera! call 09061221066 fromm landline. Delivery within 28 days.,,,,,,,,,,,,,
Sunshine Quiz Wkly Q! Win a top Sony DVD player if u know which country the Algarve is in? Txt ansr to 82277. £1.50 SP:Tyrone,,,,,,,,,,,,,
Wa... U so efficient... Gee... Thanx...,,,,,,,,,,,,,
Goodmorning, today i am late for  &lt,DECIMAL&gt, min.,,,,,,,,,,
Can you please send me my aunty's number,,,,,,,,,,,,,
Oh thats late! Well have a good night and i will give u a call tomorrow. Iam now going to go to sleep night night,,,,,,,,,,,,,
Solve d Case : A Man Was Found Murdered On  &lt,DECIMAL&gt, . &lt,#&gt,  AfterNoon. 1,His wife called Police. 2,Police questioned everyone. 3,Wife: Sir,I was sleeping, when the murder took place. 4.Cook: I was cooking. 5.Gardener: I was picking vegetables. 6.House-Maid: I went 2 d post office. 7.Children: We went 2 play. 8.Neighbour: We went 2 a marriage. Police arrested d murderer Immediately. Who's It? Reply With Reason, If U r Brilliant.,,,
Hi 07734396839 IBH Customer Loyalty Offer: The NEW NOKIA6600 Mobile from ONLY £10 at TXTAUCTION!Txt word:START to No:81151 & get Yours Now!4T&,,,,,,,,,,,,,
Only 2% students solved this CAT question in 'xam... 5+3+2= &lt,#&gt,  9+2+4= &lt,#&gt,  8+6+3= &lt,#&gt,  then 7+2+5=????? Tell me the answer if u r brilliant...1thing.i got d answr.,,,,,,,
Got hella gas money, want to go on a grand nature adventure with galileo in a little bit?,,,,,,,,,,,,
Yes:)sura in sun tv.:)lol.,,,,,,,,,,,,,
PRIVATE! Your 2003 Account Statement for 078,,,,,,,,,,,,,
no, i *didn't* mean to post it. I wrote it, and like so many other times i've ritten stuff to you, i let it sit there. it WAS what i was feeling at the time. I was angry. Before i left, i hit send, then stop. It wasn't there. I checked on my phone when i got to my car. It wasn't there. You said you didn't sleep, you were bored. So why wouldn't THAT be the time to clean, fold laundry, etc.? At least make the bed?,,,,,
Hanging out with my brother and his family,,,,,,,,,,,,,
Oh for fuck's sake she's in like tallahassee,,,,,,,,,,,,,
YEH I AM DEF UP4 SOMETHING SAT,JUST GOT PAYED2DAY & I HAVBEEN GIVEN A£50 PAY RISE 4MY WORK & HAVEBEEN MADE PRESCHOOLCO-ORDINATOR 2I AM FEELINGOOD LUV,,,,,,,,,,,,
I emailed yifeng my part oredi.. Can ü get it fr him..,,,,,,,,,,,,,
Yes.. now only saw your message..,,,,,,,,,,,,,
Really good:)dhanush rocks once again:),,,,,,,,,,,,,
I to am looking forward to all the sex cuddling.. Only two more sleeps ,,,,,,,,,,,,,
Am i that much bad to avoid like this?,,,,,,,,,,,,,
K...k...when will you give treat?,,,,,,,,,,,,,
Hi:)cts employee how are you?,,,,,,,,,,,,,
Have you started in skye,,,,,,,,,,,,,
I'm very happy for you babe ! Woo hoo party on dude!,,,,,,,,,,,,,
We have all rounder:)so not required:),,,,,,,,,,,,,
My sister going to earn more than me da.,,,,,,,,,,,,,
HEY KATE, HOPE UR OK... WILL GIVE U A BUZ WEDLUNCH. GO OUTSOMEWHERE 4 ADRINK IN TOWN..CUD GO 2WATERSHD 4 A BIT? PPL FROMWRK WILL BTHERE. LOVE PETEXXX.,,,,,,,,,,,,
So what u doing today?,,,,,,,,,,,,,
WIN URGENT! Your mobile number has been awarded with a £2000 prize GUARANTEED call 09061790121 from land line. claim 3030 valid 12hrs only 150ppm ,,,,,,,,,,,,,
Minimum walk is 3miles a day.,,,,,,,,,,,,,
I sent them. Do you like?,,,,,,,,,,,,,
All e best 4 ur exam later.,,,,,,,,,,,,,
Ü only send me the contents page...,,,,,,,,,,,,,
U sick still can go shopping?,,,,,,,,,,,,,
Ok that would b lovely, if u r sure. Think about wot u want to do, drinkin, dancin, eatin, cinema, in, out, about... Up to u! Wot about ? ,,,,,
what are your new years plans?,,,,,,,,,,,,,
Gud ni8 dear..slp well..take care..swt dreams..Muah..,,,,,,,,,,,,,
K, jason says he's gonna be around so I'll be up there around  &lt,#&gt,,,,,,,,,,,
Sorry, I'll call later,,,,,,,,,,,,
K then 2marrow are you coming to class.,,,,,,,,,,,,,
Nice. Wait...should you be texting right now? I'm not gonna pay your ticket, ya know!,,,,,,,,,,,,
Somewhr someone is surely made 4 u. And God has decided a perfect time to make u meet dat person. . . . till den, . . . . . Enjoy ur crushes..!!!,-),,,,,,,,,,,
Kindly send some one to our flat before  &lt,DECIMAL&gt,  today.,,,,,,,,,,,
Now that you have started dont stop. Just pray for more good ideas and anything i see that can help you guys i.ll forward you a link.,,,,,,,,,,,,,
Ugh fuck it I'm resubbing to eve,,,,,,,,,,,,,
We're finally ready fyi,,,,,,,,,,,,,
Cool breeze... Bright sun... Fresh flower... Twittering birds... All these waiting to wish u: GOODMORNING &amp, HAVE A NICE DAY :),,,,,,,,,,,,
Ultimately tor motive tui achieve korli.,,,,,,,,,,,,,
What happen dear. Why you silent. I am tensed,,,,,,,,,,,,,
Dear umma she called me now :-),,,,,,,,,,,,,
Please protect yourself from e-threats. SIB never asks for sensitive information like Passwords,ATM/SMS PIN thru email. Never share your password with anybody.,,,,,,,,,,,,
FREE camera phones with linerental from 4.49/month with 750 cross ntwk mins. 1/2 price txt bundle deals also avble. Call 08001950382 or call2optout/J MF,,,,,,,,,,,,,
Give her something to drink, if she takes it and doesn't vomit then you her temp might drop. If she unmits however let me know.,,,,,,,,,,,,
The whole car appreciated the last two! Dad and are having a map reading semi argument but apart from that things are going ok. P.,,,,,,,,,,,,,
Moby Pub Quiz.Win a £100 High Street prize if u know who the new Duchess of Cornwall will be? Txt her first name to 82277.unsub STOP £1.50 008704050406 SP Arrow,,,,,,,,,,,,,
Babe? You said 2 hours and it's been almost 4 ... Is your internet down ?,,,,,,,,,,,,,
Its hard to believe things like this. All can say lie but think twice before saying anything to me.,,,,,,,,,,,,,
Not yet had..ya sapna aunty manege y'day hogidhe..chinnu full weak and swalpa black agidhane..,,,,,,,,,,,,,
That means you got an A in epi, she.s fine. She.s here now.,,,,,,,,,,,,
I know you are thinkin malaria. But relax, children cant handle malaria. She would have been worse and its gastroenteritis. If she takes enough to replace her loss her temp will reduce. And if you give her malaria meds now she will just vomit. Its a self limiting illness she has which means in a few days it will completely stop,,,,,,,,,,,,
Sorry, I'll call you  later. I am in meeting sir.,,,,,,,,,,,,
So many people seems to be special at first sight, But only very few will remain special to you till your last sight.. Maintain them till life ends.. take cr da,,,,,,,,,,,,
Hurry home. Soup is DONE!,,,,,,,,,,,,,
Now thats going to ruin your thesis!,,,,,,,,,,,,,
i can call in  &lt,#&gt,  min if thats ok,,,,,,,,,,,
I ain't answerin no phone at what is actually a pretty reasonable hour but I'm sleepy,,,,,,,,,,,,,
Hey you around? I've got enough for a half + the ten I owe you,,,,,,,,,,,,,
tells u 2 call 09066358152 to claim £5000 prize. U have 2 enter all ur mobile & personal details @ the prompts. Careful!,,,,,,,,,,,,,
When u wana see it then,,,,,,,,,,,,,
get ready to moan and scream :),,,,,,,,,,,,,
No 1 POLYPHONIC tone 4 ur mob every week! Just txt PT2 to 87575. 1st Tone FREE ! so get txtin now and tell ur friends. 150p/tone. 16 reply HL 4info,,,,,,,,,,,,,
Try neva mate!!,,,,,,,,,,,,,
No we sell it all so we'll have tons if coins. Then sell our coins to someone thru paypal. Voila! Money back in life pockets:),,,,,,,,,,,,,
I want to sent  &lt,#&gt, mesages today. Thats y. Sorry if i hurts,,,,,,,,,,,
CDs 4u: Congratulations ur awarded £500 of CD gift vouchers or £125 gift guaranteed & Freeentry 2 £100 wkly draw xt MUSIC to 87066 TnCs www.ldew.com1win150ppmx3age16 ,,,,,,,,,,,,,
We have pizza if u want,,,,,,,,,,,,,
Yes ammae....life takes lot of turns you can only sit and try to hold the steering...,,,,,,,,,,,,,
Lol. Well quality aint bad at all so i aint complaining,,,,,,,,,,,,,
I keep ten rs in my shelf:) buy two egg.,,,,,,,,,,,,,
She told to hr that he want posting in chennai:)because i'm working here:),,,,,,,,,,,,,
I'm taking derek &amp, taylor to walmart, if I'm not back by the time you're done just leave the mouse on my desk and I'll text you when priscilla's ready,,,,,,,,,,,
Did he just say somebody is named tampa,,,,,,,,,,,,,
If you don't, your prize will go to another customer. T&C at www.t-c.biz 18+ 150p/min Polo Ltd Suite 373 London W1J 6HL Please call back if busy ,,,,,,,,,,,,
Ok lor...,,,,,,,,,,,,,
FreeMsg: Claim ur 250 SMS messages-Text OK to 84025 now!Use web2mobile 2 ur mates etc. Join Txt250.com for 1.50p/wk. T&C BOX139, LA32WU. 16 . Remove txtX or stop,,,,,,,,,,,,
Perhaps * is much easy give your account identification, so i will tomorrow at UNI,,,,,,,,,,,,
Good Morning my Dear Shijutta........... Have a great &amp, successful day.,,,,,,,,,,,,
Wewa is 130. Iriver 255. All 128 mb.,,,,,,,,,,,,,
Genius what's up. How your brother. Pls send his number to my skype.,,,,,,,,,,,,,
Goin to workout lor... Muz lose e fats... ,,,,,,,,,,,,,
Storming msg: Wen u lift d phne, u say HELLO Do u knw wt is d real meaning of HELLO?? . . . It's d name of a girl..! . . . Yes.. And u knw who is dat girl?? Margaret Hello She is d girlfrnd f Grahmbell who invnted telphone... . . . . Moral:One can 4get d name of a person, bt not his girlfrnd... G o o d n i g h t . . .@,,,,,,,,,,,
U have a Secret Admirer who is looking 2 make contact with U-find out who they R*reveal who thinks UR so special-call on 09065171142-stopsms-08718727870150ppm,,,,,,,,,,,,,
Horrible gal. Me in sch doing some stuff. How come u got mc?,,,,,,,,,,,,,
No idea, I guess we'll work that out an hour after we're supposed to leave since as usual nobody has any interest in figuring shit out before the last second,,,,,,,,,,,,
Carlos says he'll be at mu in  &lt,#&gt,  minutes,,,,,,,,,,,
Dear Subscriber ur draw 4 £100 gift voucher will b entered on receipt of a correct ans. When was Elvis Presleys Birthday? TXT answer to 80062,,,,,,,,,,,,,
Hey! There's veggie pizza... :/,,,,,,,,,,,,,
Ok.,,,,,,,,,,,,,
January Male Sale! Hot Gay chat now cheaper, call 08709222922. National rate from 1.5p/min cheap to 7.8p/min peak! To stop texts call 08712460324 (10p/min),,,,,,,,,,,,
Ü dun need to pick ur gf?,,,,,,,,,,,,,
Dear relieved of westonzoyland, all going to plan this end too!,,,,,,,,,,,,
Hi where you. You in home or calicut?,,,,,,,,,,,,,
Slaaaaave ! Where are you ? Must I summon you to me all the time now ? Don't you wish to come to me on your own anymore?,,,,,,,,,,,,,
Pls what's the full name of joke's school cos fees in university of florida seem to actually be  &lt,#&gt, k. Pls holla back,,,,,,,,,,,
Edison has rightly said, A fool can ask more questions than a wise man can answer Now you know why all of us are speechless during ViVa.. GM,GN,GE,GNT:-),,,,,,,,,
Yeah probably, I still gotta check out with leo,,,,,,,,,,,,
Good afternoon, babe. How goes that day ? Any job prospects yet ? I miss you, my love ... *sighs* ... :-(,,,,,,,,,,,
Your B4U voucher w/c 27/03 is MARSMS. Log onto www.B4Utele.com for discount credit. To opt out reply stop. Customer care call 08717168528,,,,,,,,,,,,,
For me the love should start with attraction.i should feel that I need her every time around me.she should be the first thing which comes in my thoughts.I would start the day and end it with her.she should be there every time I dream.love will be then when my every breath has her name.my life should happen around her.my life will be named to her.I would cry for her.will give all my happiness and take all her sorrows.I will be ready to fight with anyone for her.I will be in love when I will be doing the craziest things for her.love will be when I don't have to proove anyone that my girl is the most beautiful lady on the whole planet.I will always be singing praises for her.love will be when I start up making chicken curry and end up makiing sambar.life will be the most beautiful then.will get every morning and thank god for the day because she is with me.I would like to say a lot..will tell later..,,,,,,,,,,,,,
In The Simpsons Movie released in July 2007 name the band that died at the start of the film? A-Green Day, B-Blue Day, C-Red Day. (Send A, B or C),,,,,,,,,,
God's love has no limit. God's grace has no measure. God's power has no boundaries. May u have God's endless blessings always in ur life...!! Gud ni8,,,,,,,,,,,,,
Ok then u tell me wat time u coming later lor.,,,,,,,,,,,,,
Once free call me sir.,,,,,,,,,,,,,
There are no other charges after transfer charges and you can withdraw anyhow you like,,,,,,,,,,,,,
(Bank of Granite issues Strong-Buy) EXPLOSIVE PICK FOR OUR MEMBERS *****UP OVER 300% *********** Nasdaq Symbol CDGT That is a $5.00 per..,,,,,,,,,,,,,
25p 4 alfie Moon's Children in need song on ur mob. Tell ur m8s. Txt Tone charity to 8007 for Nokias or Poly charity for polys: zed 08701417012 profit 2 charity.,,,,,,,,,,,,,
Dear got bus directly to calicut,,,,,,,,,,,,,
, im .. On the snowboarding trip. I was wondering if your planning to get everyone together befor we go..a meet and greet kind of affair? Cheers, ,,,,,,,,,,,
No message..no responce..what happend?,,,,,,,,,,,,,
I'm fine. Hope you are good. Do take care.,,,,,,,,,,,,,
Thanks. It was only from tescos but quite nice. All gone now. Speak soon ,,,,,,,,,,,,,
Dont know supports ass and srt i thnk. I think ps3 can play through usb too,,,,,,,,,,,,,
SMS AUCTION - A BRAND NEW Nokia 7250 is up 4 auction today! Auction is FREE 2 join & take part! Txt NOKIA to 86021 now! HG/Suite342/2Lands Row/W1J6HL,,,,,,,,,,,,,
Ok., is any problem to u frm him? Wats matter?,,,,,,,,,,,,
Wah... Okie okie... Muz make use of e unlimited... Haha... ,,,,,,,,,,,,,
Did u fix the teeth?if not do it asap.ok take care.,,,,,,,,,,,,,
Oh god i am happy to see your message after 3 days,,,,,,,,,,,,,
You are a big chic. Common. Declare,,,,,,,,,,,,,
Actually, my mobile is full of msg. And i m doing a work online, where i need to send them  &lt,#&gt,  sent msg i wil explain u later.,,,,,,,,,
Thanks honey but still haven't heard anything I will leave it a bit longer so not 2 crowd him and will try later - great advice thanks hope cardiff is still there!,,,,,,,,,,,,,
How was txting and driving,,,,,,,,,,,,,
Alright if you're sure, let me know when you're leaving,,,,,,,,,,,,
Sitting in mu waiting for everyone to get out of my suite so I can take a shower,,,,,,,,,,,,,
Doesn't g have class early tomorrow and thus shouldn't be trying to smoke at  &lt,#&gt,,,,,,,,,,,,
Haven't heard anything and he's not answering my texts so I'm guessing he flaked. That said the jb is fantastic,,,,,,,,,,,,,
Ya it came a while ago,,,,,,,,,,,,,
I've been barred from all B and Q stores for life!?This twat in orange dungerees came up to me and asked if I wanted decking? So I got the first punch in!!,,,,,,,,,,,,,
If he started searching he will get job in few days.he have great potential and talent.,,,,,,,,,,,,,
I fetch yun or u fetch?,,,,,,,,,,,,,
Good afternon, my love. How are today? I hope your good and maybe have some interviews. I wake and miss you babe. A passionate kiss from across the sea,,,,,,,,,,,,
Oh is it! Which brand?,,,,,,,,,,,,,
Die... Now i have e toot fringe again...,,,,,,,,,,,,,
I'll reach in ard 20 mins ok...,,,,,,,,,,,,,
Sorry, I'll call later,,,,,,,,,,,,
Can you just come in for a sec? There's somebody here I want you to see,,,,,,,,,,,,,
Tell your friends what you plan to do on Valentines day @ &lt,URL&gt,,,,,,,,,,,,
Ill call you evening ill some ideas.,,,,,,,,,,,,,
Havent stuck at orchard in my dad's car. Going 4 dinner now. U leh? So r they free tonight?,,,,,,,,,,,,,
Gr8 Poly tones 4 ALL mobs direct 2u rply with POLY TITLE to 8007 eg POLY BREATHE1 Titles: CRAZYIN, SLEEPINGWITH, FINEST, YMCA :getzed.co.uk POBox365O4W45WQ 300p,,,,,,,,,,
But really quite funny lor wat... Then u shd haf run shorter distance wat...,,,,,,,,,,,,,
Good afternoon on this glorious anniversary day, my sweet J !! I hope this finds you happy and content, my Prey. I think of you and send a teasing kiss from across the sea coaxing images of fond souveniers ... You Cougar-Pen,,,,,,,,,,,
Money i have won wining number 946 wot do i do next,,,,,,,,,,,,,
Tmrw. Im finishing 9 doors,,,,,,,,,,,,,
Open rebtel with firefox. When it loads just put plus sign in the user name place, and it will show you two numbers. The lower number is my number. Once you pick that number the pin will display okay!,,,,,,,,,,,,
Vikky, come around  &lt,TIME&gt, ..,,,,,,,,,,
I'm serious. You are in the money base,,,,,,,,,,,,,
Ard 4 lor...,,,,,,,,,,,,,
One day a crab was running on the sea shore..The waves came n cleared the footprints of the crab.. Crab asked: being my frnd y r u clearing my beautiful footprints? Waves replied: A fox was following ur footprints to catch you! thats y i cleared it off:) frndsship never lets u dwn :-) GUD nyt..,,,,,,,,,,,,,
Long after I quit. I get on only like 5 minutes a day as it is.,,,,,,,,,,,,,
CHEERS U TEX MECAUSE U WEREBORED! YEAH OKDEN HUNNY R UIN WK SAT?SOUNDS LIKEYOUR HAVIN GR8FUN J! KEEP UPDAT COUNTINLOTS OF LOVEME XXXXX.,,,,,,,,,,,,,
So i could kiss and feel you next to me...,,,,,,,,,,,,,
The  &lt,#&gt, g that i saw a few days ago, the guy wants sell wifi only for  &lt,#&gt,  and with 3g for  &lt,#&gt, . That's why i blanked him.,,,,,,
Night has ended for another day, morning has come in a special way. May you smile like the sunny rays and leaves your worries at the blue blue bay. Gud mrng,,,,,,,,,,,,
18 days to Euro2004 kickoff! U will be kept informed of all the latest news and results daily. Unsubscribe send GET EURO STOP to 83222.,,,,,,,,,,,,,
Don't forget who owns you and who's private property you are ... And be my good boy always .. *passionate kiss*,,,,,,,,,,,,,
Can you pls send me that company name. In saibaba colany,,,,,,,,,,,,,
Is avatar supposed to have subtoitles,,,,,,,,,,,,,
Al he does is moan at me if n e thin goes wrong its my fault&al de arguments r my fault&fed up of him of himso y bother? Hav 2go, thanx.xx,,,,,,,,,,,,
Hey come online! Use msn... We are all there,,,,,,,,,,,,,
In e msg jus now. U said thanks for gift.,,,,,,,,,,,,,
Ugh its been a long day. I'm exhausted. Just want to cuddle up and take a nap,,,,,,,,,,,,,
Play w computer? Aiyah i tok 2 u lor?,,,,,,,,,,,,,
RECPT 1/3. You have ordered a Ringtone. Your order is being processed...,,,,,,,,,,,,,
Congratulations ore mo owo re wa. Enjoy it and i wish you many happy moments to and fro wherever you go,,,,,,,,,,,,,
Nope... Juz off from work...,,,,,,,,,,,,,
OH YEAH,AND HAV A GREAT TIME IN NEWQUAY-SEND ME A POSTCARD !1 LOOK AFTER ALL THE GIRLS WHILE IM GONE(U KNOW THE 1IM TALKIN BOUT!)xx,,,,,,,,,,,,
It only does simple arithmetic not percentages.,,,,,,,,,,,,,
I'm vivek:)i got call from your number.,,,,,,,,,,,,,
Ok. But i finish at 6.,,,,,,,,,,,,,
Today i'm not workin but not free oso... Gee... Thgt u workin at ur fren's shop ? ,,,,,,,,,,,,,
Think i might have to give it a miss. Am teaching til twelve, then have lecture at two. Damn this working thing.,,,,,,,,,,,,
Tmr timin still da same wat cos i got lesson until 6...,,,,,,,,,,,,,
Urgent! call 09066350750 from your landline. Your complimentary 4* Ibiza Holiday or 10,000 cash await collection SAE T&Cs PO BOX 434 SK3 8WP 150 ppm 18+,,,,,,,,,,,,
Reply to win £100 weekly! Where will the 2006 FIFA World Cup be held? Send STOP to 87239 to end service,,,,,,,,,,,,,
How will I creep on you now? ,_,,,,,,,,,,,,
Once a fishrman woke early in d mrng. It was very dark. He waited a while &amp, found a sack ful of stones. He strtd throwin thm in2 d sea 2 pass time. Atlast he had jus 1stone, sun rose up &amp, he found out tht those r nt stones, those were diamonds. Moral:Dont wake up early in d mrng'' GOOD night,,,,,,,,,
Pls give her prometazine syrup. 5mls then  &lt,#&gt, mins later feed.,,,,,,,,,,,
I've told you everything will stop. Just dont let her get dehydrated.,,,,,,,,,,,,,
Yes.i'm in office da:),,,,,,,,,,,,,
Carlos is down but I have to pick it up from him, so I'll swing by usf in a little bit,,,,,,,,,,,,
Oh oh... Wasted... Den muz chiong on sat n sun liao...,,,,,,,,,,,,,
May i call You later Pls,,,,,,,,,,,,,
How many times i told in the stage all use to laugh. You not listen aha.,,,,,,,,,,,,,
Congratulations - Thanks to a good friend U have WON the £2,000 Xmas prize. 2 claim is easy, just call 08712103738 NOW! Only 10p per minute. BT-national-rate,,,,,,,,,,,
And that is the problem. You walk around in julianaland oblivious to what is going on around you. I say the same things constantly and they go in one ear and out the other while you go off doing whatever you want to do. It's not that you don't know why I'm upset--it's that you don't listen when i tell you WHAT is going to upset me. Then you want to be surprised when I'm mad.,,,,,,,,,,,,,
Haha... Really oh no... How? Then will they deduct your lesson tmr?,,,,,,,,,,,,,
Free video camera phones with Half Price line rental for 12 mths and 500 cross ntwk mins 100 txts. Call MobileUpd8 08001950382 or Call2OptOut/674,,,,,,,,,,,,,
You have won a Nokia 7250i. This is what you get when you win our FREE auction. To take part send Nokia to 86021 now. HG/Suite342/2Lands Row/W1JHL 16+,,,,,,,,,,,,,
U coming back 4 dinner rite? Dad ask me so i re confirm wif u...,,,,,,,,,,,,,
Nokia phone is lovly..,,,,,,,,,,,,,
that would be good … I'll phone you tomo lunchtime, shall I, to organise something?,,,,,,,,,,,
In meeting da. I will call you,,,,,,,,,,,,,
Haha just kidding, papa needs drugs,,,,,,,,,,,,
The bus leaves at  &lt,#&gt, ,,,,,,,,,,,
Huh? 6 also cannot? Then only how many mistakes?,,,,,,,,,,,,,
Hey mate. Spoke to the mag people. We‘re on.  the is deliver by the end of the month. Deliver on the 24th sept. Talk later. ,,,,,,,,,,,,,
All will come alive.better correct any good looking figure there itself..,,,,,,,,,,,,,
Please sen :)my kind advice :-)please come here and try:-),,,,,,,,,,,,,
Sorry for the delay. Yes masters,,,,,,,,,,,,,
Gud mrng dear hav a nice day,,,,,,,,,,,,,
Haven't eaten all day. I'm sitting here staring at this juicy pizza and I can't eat it. These meds are ruining my life.,,,,,,,,,,,,,
Already one guy loving you:-.,,,,,,,,,,,,,
Get a FREE mobile video player FREE movie. To collect text GO to 89105. Its free! Extra films can be ordered t's and c's apply. 18 yrs only,,,,,,,,,,,,,
I didnt get anything da,,,,,,,,,,,,,
Jolly good! By the way,  will give u tickets for sat eve 7.30. Speak before then x,,,,,,,,,,,,
Wishing you and your family Merry X mas and HAPPY NEW Year in advance..,,,,,,,,,,,,,
Wat makes some people dearer is not just de happiness dat u feel when u meet them but de pain u feel when u miss dem!!!,,,,,,,,,,,,,
Understand. his loss is my gain :) so do you work? School?,,,,,,,,,,,,,
Nah, Wednesday. When should I bring the mini cheetos bag over?,,,,,,,,,,,,
The basket's gettin full so I might be by tonight,,,,,,,,,,,,,
That seems unnecessarily affectionate,,,,,,,,,,,,,
Hi, can i please get a  &lt,#&gt,  dollar loan from you. I.ll pay you back by mid february. Pls.,,,,,,,,,,
Am i that much dirty fellow?,,,,,,,,,,,,,
Lol I have to take it. member how I said my aunt flow didn't visit for 6 months? It's cause I developed ovarian cysts. Bc is the only way to shrink them.,,,,,,,,,,,,,
No need for the drug anymore.,,,,,,,,,,,,,
Heart is empty without love.. Mind is empty without wisdom.. Eyes r empty without dreams &amp, Life is empty without frnds.. So Alwys Be In Touch. Good night &amp, sweet dreams,,,,,,,,,,,
sexy sexy cum and text me im wet and warm and ready for some porn! u up for some fun? THIS MSG IS FREE RECD MSGS 150P INC VAT 2 CANCEL TEXT STOP,,,,,,,,,,,,,
Hey doc pls I want to get nice t shirt for my hubby nice fiting ones my budget is  &lt,#&gt, k help pls I will load d card abi hw,keep me posted luv. 2 mj,,,,,,,,,,
Hi. I'm always online on yahoo and would like to chat with you someday,,,,,,,,,,,,,
Great News! Call FREEFONE 08006344447 to claim your guaranteed £1000 CASH or £2000 gift. Speak to a live operator NOW!,,,,,,,,,,,,,
I'm gonna rip out my uterus.,,,,,,,,,,,,,
No I'm in the same boat. Still here at my moms. Check me out on yo. I'm half naked.,,,,,,,,,,,,,
Guess what! Somebody you know secretly fancies you! Wanna find out who it is? Give us a call on 09065394514 From Landline DATEBox1282EssexCM61XN 150p/min 18,,,,,,,,,,,,,
I am not sure about night menu. . . I know only about noon menu,,,,,,,,,,,,,
Yup i'm elaborating on the safety aspects and some other issues..,,,,,,,,,,,,,
,-) ok. I feel like john lennon.,,,,,,,,,,,,
You have WON a guaranteed £1000 cash or a £2000 prize. To claim yr prize call our customer service representative on 08714712412 between 10am-7pm Cost 10p,,,,,,,,,,,,,
I asked sen to come chennai and search for job.,,,,,,,,,,,,,
URGENT! Your mobile was awarded a £1,500 Bonus Caller Prize on 27/6/03. Our final attempt 2 contact U! Call 08714714011,,,,,,,,,,,,
S but mostly not like that.,,,,,,,,,,,,,
Will do. Have a good day,,,,,,,,,,,,,
Ok i wont call or disturb any one. I know all are avoiding me. I am a burden for all,,,,,,,,,,,,,
Great NEW Offer - DOUBLE Mins & DOUBLE Txt on best Orange tariffs AND get latest camera phones 4 FREE! Call MobileUpd8 free on 08000839402 NOW! or 2stoptxt T&Cs,,,,,,,,,,,,,
Is ur lecture over?,,,,,,,,,,,,,
Well at this right I'm gonna have to get up and check today's steam sales/pee so text me when you want me to come get you,,,,,,,,,,,,,
R we going with the  &lt,#&gt,  bus?,,,,,,,,,,,
By the way, 'rencontre' is to meet again. Mountains dont....,,,,,,,,,,,,
Yep get with the program. You're slacking.,,,,,,,,,,,,,
IM FINE BABES AINT BEEN UP 2 MUCH THO! SAW SCARY MOVIE YEST ITS QUITE FUNNY! WANT 2MRW AFTERNOON? AT TOWN OR MALL OR SUMTHIN?xx,,,,,,,,,,,,,
yeah, that's what I was thinking,,,,,,,,,,,,
U definitely need a module from e humanities dis sem izzit? U wan 2 take other modules 1st?,,,,,,,,,,,,,
I don't know, same thing that's wrong everyso often, he panicks starts goin on bout not bein good enough …,,,,,,,,,,,
Hows the pain dear?y r u smiling?,,,,,,,,,,,,,
As a valued customer, I am pleased to advise you that following recent review of your Mob No. you are awarded with a £1500 Bonus Prize, call 09066368470,,,,,,,,,,,
OH MR SHEFFIELD! You wanna play THAT game, okay. You're the boss and I'm the nanny. You give me a raise and I'll give YOU one!!,,,,,,,,,,,,
Sorry * was at the grocers.,,,,,,,,,,,,,
And also I've sorta blown him off a couple times recently so id rather not text him out of the blue looking for weed,,,,,,,,,,,,,
I'm in inside office..still filling forms.don know when they leave me.,,,,,,,,,,,,,
Actually I decided I was too hungry so I haven't left yet :V,,,,,,,,,,,,,
When/where do I pick you up,,,,,,,,,,,,,
Please protect yourself from e-threats. SIB never asks for sensitive information like Passwords,ATM/SMS PIN thru email. Never share your password with anybody.,,,,,,,,,,,,
Pls accept me for one day. Or am begging you change the number.,,,,,,,,,,,,,
Ringtone Club: Gr8 new polys direct to your mobile every week !,,,,,,,,,,,,,
Ya that one is slow as poo,,,,,,,,,,,,,
Good. do you think you could send me some pix? I would love to see your top and bottom...,,,,,,,,,,,,,
HELLO PEACH! MY CAKE TASTS LUSH!,,,,,,,,,,,,,
Wat would u like 4 ur birthday?,,,,,,,,,,,,,
U repeat e instructions again. Wat's e road name of ur house?,,,,,,,,,,,,,
Free Top ringtone -sub to weekly ringtone-get 1st week free-send SUBPOLY to 81618-?3 per week-stop sms-08718727870,,,,,,,,,,,,,
That's the trouble with classes that go well - you're due a dodgey one … Expecting mine tomo! See you for recovery, same time, same place ,,,,,,,,,,,
O i played smash bros  &lt,#&gt,  religiously.,,,,,,,,,,,
I feel like a dick because I keep sleeping through your texts and facebook messages. Sup, you in town?,,,,,,,,,,,,
Watching tv lor... Y she so funny we bluff her 4 wat. Izzit because she thk it's impossible between us?,,,,,,,,,,,,,
Probably a couple hours tops,,,,,,,,,,,,,
Pls she needs to dat slowly or she will vomit more.,,,,,,,,,,,,,
What time you think you'll have it? Need to know when I should be near campus,,,,,,,,,,,,,
Aight, see you in a bit,,,,,,,,,,,,
You still at the game?,,,,,,,,,,,,,
About  &lt,#&gt, bucks. The banks fees are fixed. Better to call the bank and find out.,,,,,,,,,,,
K. I will sent it again,,,,,,,,,,,,,
Ü go home liao? Ask dad to pick me up at 6...,,,,,,,,,,,,,
I will be outside office take all from there,,,,,,,,,,,,,
I'll get there at 3, unless you guys want me to come some time sooner,,,,,,,,,,,,
She just broke down a list of reasons why nobody's in town and I can't tell if she's being sarcastic or just faggy,,,,,,,,,,,,,
449050000301 You have won a £2,000 price! To claim, call 09050000301.,,,,,,,,,,,
I cant pick the phone right now. Pls send a message,,,,,,,,,,,,,
My sis is catching e show in e afternoon so i'm not watching w her. So c u wan 2 watch today or tmr lor.,,,,,,,,,,,,,
K...k...yesterday i was in cbe .,,,,,,,,,,,,,
Wait.i will come out.. &lt,#&gt,  min:),,,,,,,,,,,
Its going good...no problem..but still need little experience to understand american customer voice...,,,,,,,,,,,,,
Hello, hello, hi lou sorry it took so long 2 reply- I left mobile at friends in Lancaster, just got it bak Neway im sorry I couldnt make ur bday 2 hun!,,,,,,,,,,
Yes.he have good crickiting mind,,,,,,,,,,,,,
at bruce b downs &amp, fletcher now,,,,,,,,,,,,
'Wnevr i wana fal in luv vth my books, My bed fals in luv vth me..!'' . Yen madodu, nav pretsorginta, nammanna pretsovru important alwa....!!:) Gud eveB-).,,,,,,,,,,
Hi Dear Call me its urgnt. I don't know whats your problem. You don't want to work or if you have any other problem at least tell me. Wating for your reply.,,,,,,,,,,,,,
He is world famamus....,,,,,,,,,,,,,
No i'm not gonna be able to. || too late notice. || i'll be home in a few weeks anyway. || what are the plans,,,,,,,,,,,,,
G says you never answer your texts, confirm/deny,,,,,,,,,,,,
Omg it could snow here tonite!,,,,,,,,,,,,,
I know complain num only..bettr directly go to bsnl offc nd apply for it..,,,,,,,,,,,,,
Does daddy have a bb now.,,,,,,,,,,,,,
So lets make it saturday or monday as per convenience.,,,,,,,,,,,,,
Tonight? Yeah, I'd be down for that,,,,,,,,,,,,
Crucify is c not s. You should have told me earlier.,,,,,,,,,,,,,
Thanks for your message. I really appreciate your sacrifice. I'm not sure of the process of direct pay but will find out on my way back from the test tomorrow. I'm in class now. Do have a wonderful day.,,,,,,,,,,,,,
Not heard from U4 a while. Call 4 rude chat private line 01223585334 to cum. Wan 2C pics of me gettin shagged then text PIX to 8552. 2End send STOP 8552 SAM xxx,,,,,,,,,,,,,
Sorry, I'll call later,,,,,,,,,,,,
Aight, call me once you're close,,,,,,,,,,,,
Now, whats your house # again ? And do you have any beer there ?,,,,,,,,,,,,
Omg if its not one thing its another. My cat has worms :/ when does this bad day end?,,,,,,,,,,,,,
Oh god. I'm gonna Google nearby cliffs now.,,,,,,,,,,,,,
Hey sexy buns! What of that day? No word from you this morning on YM ... :-( ... I think of you,,,,,,,,,,,,,
Hi there, 2nights ur lucky night! Uve been invited 2 XCHAT, the Uks wildest chat! Txt CHAT to 86688 now! 150p/MsgrcvdHG/Suite342/2Lands/Row/W1J6HL LDN 18yrs,,,,,,,,,,,
You're gonna have to be way more specific than that,,,,,,,,,,,,,
Whatever, juliana. Do whatever you want.,,,,,,,,,,,,
Hi this is Amy, we will be sending you a free phone number in a couple of days, which will give you an access to all the adult parties...,,,,,,,,,,,
have * good weekend.,,,,,,,,,,,,,
How much for an eighth?,,,,,,,,,,,,,
No no:)this is kallis home ground.amla home town is durban:),,,,,,,,,,,,,
What's a feathery bowa? Is that something guys have that I don't know about?,,,,,,,,,,,,,
So how are you really. What are you up to. How's the masters. And so on.,,,,,,,,,,,,,
Watch lor. I saw a few swatch one i thk quite ok. Ard 116 but i need 2nd opinion leh...,,,,,,,,,,,,,
Idk. You keep saying that you're not, but since he moved, we keep butting heads over freedom vs. responsibility. And i'm tired. I have so much other shit to deal with that i'm barely keeping myself together once this gets added to it.,,,,,,,,,,,
Hi , where are you? We're at  and they're not keen to go out i kind of am but feel i shouldn't so can we go out tomo, don't mind do you?,,,,,,,,,,,
Same here, but I consider walls and bunkers and shit important just because I never play on peaceful but I guess your place is high enough that it don't matter,,,,,,,,,,,,
You are now unsubscribed all services. Get tons of sexy babes or hunks straight to your phone! go to http://gotbabes.co.uk. No subscriptions.,,,,,,,,,,,,,
Someone U know has asked our dating service 2 contact you! Cant Guess who? CALL 09058091854 NOW all will be revealed. PO BOX385 M6 6WU,,,,,,,,,,,,,
S but not able to sleep.,,,,,,,,,,,,,
Are you available for soiree on June 3rd?,,,,,,,,,,,,,
Actually getting ready to leave the house.,,,,,,,,,,,,,
Where you. What happen,,,,,,,,,,,,,
Had your mobile 11mths ? Update for FREE to Oranges latest colour camera mobiles & unlimited weekend calls. Call Mobile Upd8 on freefone 08000839402 or 2StopTx,,,,,,,,,,,,,
Omg Joanna is freaking me out. She's looked thru all my friends to find photos of me. And then she's asking about stuff on my MySpace which I haven't even logged on in like a year. :/,,,,,,,,,,,,,
Sac needs to carry on:),,,,,,,,,,,,,
Was doing my test earlier. I appreciate you. Will call you tomorrow.,,,,,,,,,,,,,
I'm not driving... Raining! Then i'll get caught at e mrt station lor.,,,,,,,,,,,,,
Ok lor.,,,,,,,,,,,,,
YOU 07801543489 are guaranteed the latests Nokia Phone, a 40GB iPod MP3 player or a £500 prize! Txt word:COLLECT to No:83355! TC-LLC NY-USA 150p/Mt msgrcvd18+,,,,,,,,,,,,
Not a drop in the tank,,,,,,,,,,,,,
You have got tallent but you are wasting.,,,,,,,,,,,,,
Aiyah e rain like quite big leh. If drizzling i can at least run home.,,,,,,,,,,,,,
Ok lor but not too early. Me still having project meeting now.,,,,,,,,,,,,,
Go where n buy? Juz buy when we get there lar.,,,,,,,,,,,,,
That day you asked about anand number. Why:-),,,,,,,,,,,,,
I thk 50 shd be ok he said plus minus 10.. Did ü leave a line in between paragraphs?,,,,,,,,,,,,,
Hey tmr maybe can meet you at yck,,,,,,,,,,,,,
Sorry! U can not unsubscribe yet. THE MOB offer package has a min term of 54 weeks> pls resubmit request after expiry. Reply THEMOB HELP 4 more info,,,,,,,,,,,,,
Ok i also wan 2 watch e 9 pm show...,,,,,,,,,,,,,
Solve d Case : A Man Was Found Murdered On  &lt,DECIMAL&gt, . &lt,#&gt,  AfterNoon. 1,His wife called Police. 2,Police questioned everyone. 3,Wife: Sir,I was sleeping, when the murder took place. 4.Cook: I was cooking. 5.Gardener: I was picking vegetables. 6.House-Maid: I went 2 d post office. 7.Children: We went 2 play. 8.Neighbour: We went 2 a marriage. Police arrested d murderer Immediately. Who's It? Reply With Reason, If U r Brilliant.,,,
Nvm it's ok...,,,,,,,,,,,,,
Ugh just got outta class,,,,,,,,,,,,,
I think asking for a gym is the excuse for lazy people. I jog.,,,,,,,,,,,,,
Thanks for your ringtone order, reference number X49.Your mobile will be charged 4.50. Should your tone not arrive please call customer services 09065989182,,,,,,,,,,,,
Do you want a New Nokia 3510i colour phone DeliveredTomorrow? With 300 free minutes to any mobile + 100 free texts + Free Camcorder reply or call 08000930705.,,,,,,,,,,,,,
From next month get upto 50% More Calls 4 Ur standard network charge 2 activate Call 9061100010 C Wire3.net 1st4Terms PoBox84 M26 3UZ Cost £1.50 min MobcudB more,,,,,,,,,,,,,
Sure! I am driving but will reach my destination soon.,,,,,,,,,,,,,
FREE>Ringtone! Reply REAL or POLY eg REAL1 1. PushButton 2. DontCha 3. BabyGoodbye 4. GoldDigger 5. WeBeBurnin 1st tone FREE and 6 more when u join for £3/wk,,,,,,,,,,,,,
If he started searching he will get job in few days.he have great potential and talent.,,,,,,,,,,,,,
Cps is causing the outages to conserve energy.,,,,,,,,,,,,,
So check your errors and if you had difficulties, do correction.,,,,,,,,,,,,
Ard 515 like dat. Y?,,,,,,,,,,,,,
You got job in wipro:)you will get every thing in life in 2 or 3 years.,,,,,,,,,,,,,
Am not working but am up to eyes in philosophy so will text u later when a bit more free for chat...,,,,,,,,,,,,,
Anytime lor...,,,,,,,,,,,,,
I jus hope its true that  missin me cos i'm really missin him! You haven't done anything to feel guilty about, yet.,,,,,,,,,,,,
So when do you wanna gym?,,,,,,,,,,,,,
I av a new number,  . Wil u only use this one,ta.,,,,,,,,,,,
Hiya, had a good day? Have you spoken to since the weekend?,,,,,,,,,,,,
For taking part in our mobile survey yesterday! You can now have 500 texts 2 use however you wish. 2 get txts just send TXT to 80160 T&C www.txt43.com 1.50p,,,,,,,,,,,,,
Ok... Help me ask if she's working tmr a not?,,,,,,,,,,,,,
Ok da, i already planned. I wil pick you.,,,,,,,,,,,,
Nope. Since ayo travelled, he has forgotten his guy,,,,,,,,,,,,
I'll probably be around mu a lot,,,,,,,,,,,,,
Po de :-):):-):-):-). No need job aha.,,,,,,,,,,,,,
Bloomberg -Message center +447797706009 Why wait? Apply for your future http://careers. bloomberg.com,,,,,,,,,,,,,
Great comedy..cant stop laughing da:),,,,,,,,,,,,,
Thanks for your ringtone order, ref number K718. Your mobile will be charged £4.50. Should your tone not arrive please call customer services on 09065069120,,,,,,,,,,,,
Welcome! Please reply with your AGE and GENDER to begin. e.g 24M,,,,,,,,,,,,,
I doubt you could handle 5 times per night in any case...,,,,,,,,,,,,,
life alle mone,eppolum oru pole allalo,,,,,,,,,,,,
Now u sound like manky scouse boy steve,like! I is travelling on da bus home.wot has u inmind 4 recreation dis eve?,,,,,,,,,,,,
My painful personal thought- I always try to keep everybody happy all the time. But nobody recognises me when i am alone,,,,,,,,,,,,,
WHEN THE FIRST STRIKE IS A RED ONE. THE BIRD + ANTELOPE BEGIN TOPLAY IN THE FIELDOF SELFINDEPENDENCE BELIEVE THIS + THE FLOWER OF CONTENTION WILL GROW.RANDOM!,,,,,,,,,,,,,
Okey doke. I'm at home, but not dressed cos laying around ill! Speak to you later bout times and stuff. ,,,,,,,,,,,,
Hi babe its me thanks for coming even though it didnt go that well!i just wanted my bed! Hope to see you soon love and kisses xxx,,,,,,,,,,,,,
Free entry in 2 a wkly comp to win FA Cup final tkts 21st May 2005. Text FA to 87121 to receive entry question(std txt rate)T&C's apply 08452810075over18's,,,,,,,,,,,,,
Hi darlin im on helens fone im gonna b up the princes 2 nite please come up tb love Kate,,,,,,,,,,,,,
My uncles in Atlanta. Wish you guys a great semester.,,,,,,,,,,,,,
Happy birthday... May u find ur prince charming soon n dun work too hard...,,,,,,,,,,,,,
LORD OF THE RINGS:RETURN OF THE KING in store NOW!REPLY LOTR by 2 June 4 Chance 2 WIN LOTR soundtrack CDs StdTxtRate. Reply STOP to end txts,,,,,,,,,,,,,
Aight I've been set free, think you could text me blake's address? It occurs to me I'm not quite as sure what I'm doing as I thought I was,,,,,,,,,,,,
Hi elaine, is today's meeting confirmed?,,,,,,,,,,,,
No:-)i got rumour that you going to buy apartment in chennai:-),,,,,,,,,,,,,
I'd like to tell you my deepest darkest fantasies. Call me 09094646631 just 60p/min. To stop texts call 08712460324 (nat rate),,,,,,,,,,,,,
Ryder unsold.now gibbs.,,,,,,,,,,,,,
on a Tuesday night r u 4 real,,,,,,,,,,,,,
Thanks for the Vote. Now sing along with the stars with Karaoke on your mobile. For a FREE link just reply with SING now.,,,,,,,,,,,,,
No i'm not. I can't give you everything you want and need. You actually could do better for yourself on yor own--you've got more money than i do. I can't get work, i can't get a man, i can't pay the rent, i can't even fill my fucking gas tank. yes, i'm stressed and depressed. I didn't even call home for thanksgiving cuz i'll have to tell them i,m up to nothing.,,,,,,,,
says the  &lt,#&gt,  year old with a man and money. I'm down to my last  &lt,#&gt, . Still waiting for that check.,,,,,,,,,
No. I meant the calculation is the same. That  &lt,#&gt, units at  &lt,#&gt, . This school is really expensive. Have you started practicing your accent. Because its important. And have you decided if you are doing 4years of dental school or if you'll just do the nmde exam.,,,,,,,,,
Yup bathe liao...,,,,,,,,,,,,,
I went to project centre,,,,,,,,,,,,,
Jus finish my lunch on my way home lor... I tot u dun wan 2 stay in sch today...,,,,,,,,,,,,,
Yar lor... Keep raining non stop... Or u wan 2 go elsewhere?,,,,,,,,,,,,,
We tried to contact you re our offer of New Video Phone 750 anytime any network mins HALF PRICE Rental camcorder call 08000930705 or reply for delivery Wed,,,,,,,,,,,,,
If You mean the website. Yes.,,,,,,,,,,,,,
tap & spile at seven. * Is that pub on gas st off broad st by canal. Ok?,,,,,,,,,,,,,
India have to take lead:),,,,,,,,,,,,,
I accidentally brought em home in the box,,,,,,,,,,,,,
lyricalladie(21/F) is inviting you to be her friend. Reply YES-910 or NO-910. See her: www.SMS.ac/u/hmmross STOP? Send STOP FRND to 62468,,,,,,,,,,,,,
There'll be a minor shindig at my place later tonight, you interested?,,,,,,,,,,,,
FREE for 1st week! No1 Nokia tone 4 ur mob every week just txt NOKIA to 8007 Get txting and tell ur mates www.getzed.co.uk POBox 36504 W45WQ norm150p/tone 16+,,,,,,,,,,,,,
Free any day but i finish at 6 on mon n thurs...,,,,,,,,,,,,,
Hi. Hope you had a good day. Have a better night.,,,,,,,,,,,,,
I don,t think so. You don't need to be going out that late on a school night. ESPECIALLY when the one class you have is the one you missed last wednesday and probably failed a test in on friday,,,,,,,,,,,,
Ill be at yours in about 3 mins but look out for me,,,,,,,,,,,,,
I'm in office now . I will call you  &lt,#&gt,  min:),,,,,,,,,,,
Was gr8 to see that message. So when r u leaving? Congrats dear. What school and wat r ur plans.,,,,,,,,,,,,,
Yeah I can still give you a ride,,,,,,,,,,,,,
Received, understood n acted upon!,,,,,,,,,,,,
Ok no prob,,,,,,,,,,,,,
Happy new year to u too!,,,,,,,,,,,,,
Sorry i now then c ur msg... Yar lor so poor thing... But only 4 one night... Tmr u'll have a brand new room 2 sleep in...,,,,,,,,,,,,,
* Was really good to see you the other day dudette, been missing you!,,,,,,,,,,,,
A Boy loved a gal. He propsd bt she didnt mind. He gv lv lttrs, Bt her frnds threw thm. Again d boy decided 2 aproach d gal , dt time a truck was speeding towards d gal. Wn it was about 2 hit d girl,d boy ran like hell n saved her. She asked 'hw cn u run so fast?' D boy replied Boost is d secret of my energy n instantly d girl shouted our energy n Thy lived happily 2gthr drinking boost evrydy Moral of d story:- I hv free msgs:D,): gud ni8,,,,,,,,,
Hi, my love! How goes that day? Fuck, this morning I woke and dropped my cell on the way down the stairs but it seems alright ... *phews* I miss you !,,,,,,,,,,,
Ard 530 like dat lor. We juz meet in mrt station then ü dun haf to come out.,,,,,,,,,,,,,
Hows the street where the end of library walk is?,,,,,,,,,,,,,
Usually the body takes care of it buy making sure it doesnt progress. Can we pls continue this talk on saturday.,,,,,,,,,,,,,
SMS. ac JSco: Energy is high, but u may not know where 2channel it. 2day ur leadership skills r strong. Psychic? Reply ANS w/question. End? Reply END JSCO,,,,,,,,,,,,
Miss ya, need ya, want ya, love ya.,,,,,,,,,,
Yes.mum lookin strong:),,,,,,,,,,,,,
Squeeeeeze!! This is christmas hug.. If u lik my frndshp den hug me back.. If u get 3 u r cute:) 6 u r luvd:* 9 u r so lucky,) None? People hate u:,,,,,,,,,,,,
Are you going to wipro interview today?,,,,,,,,,,,,,
S.s:)i thinl role is like sachin.just standing. Others have to hit.,,,,,,,,,,,,,
Todays Voda numbers ending 1225 are selected to receive a £50award. If you have a match please call 08712300220 quoting claim code 3100 standard rates app ,,,,,,,,,,,,,
Send me your resume:-),,,,,,,,,,,,,
Hope you are having a good week. Just checking in,,,,,,,,,,,,,
How much it will cost approx . Per month.,,,,,,,,,,,,,
But I'm on a diet. And I ate 1 too many slices of pizza yesterday. Ugh I'm ALWAYS on a diet.,,,,,,,,,,,,,
No b4 Thursday,,,,,,,,,,,,,
Now i'm going for lunch.,,,,,,,,,,,,,
WIN a £200 Shopping spree every WEEK Starting NOW. 2 play text STORE to 88039. SkilGme. TsCs08714740323 1Winawk! age16 £1.50perweeksub.,,,,,,,,,,,,,
Am in gobi arts college,,,,,,,,,,,,,
Babe, I need your advice,,,,,,,,,,,,
I like cheap! But i‘m happy to splash out on the wine if it makes you feel better..,,,,,,,,,,,,,
I thk 530 lor. But dunno can get tickets a not. Wat u doing now?,,,,,,,,,,,,,
o turns out i had stereo love on mi phone under the unknown album.,,,,,,,,,,,,,
I have no idea where you are,,,,,,,,,,,,,
I take it we didn't have the phone callon Friday. Can we assume we won't have it this year now?,,,,,,,,,,,,,
Hi Petey!noim ok just wanted 2 chat coz avent spoken 2 u 4 a long time-hope ur doin alrite.have good nit at js love ya am.x,,,,,,,,,,,,,
Someone has contacted our dating service and entered your phone becausethey fancy you! To find out who it is call from a landline 09058098002. PoBox1, W14RG 150p,,,,,,,,,,,,
Hey... are you going to quit soon? Xuhui and i working till end of the month ,,,,,,,,,,,,,
K, wait chikku..il send aftr  &lt,#&gt, mins,,,,,,,,,,
Mum not going robinson already.,,,,,,,,,,,,,
No, I decided that only people who care about stuff vote and caring about stuff is for losers,,,,,,,,,,,,
At 4. Let's go to bill millers,,,,,,,,,,,,,
Have you always been saying welp?,,,,,,,,,,,,,
Ok,,,,,,,,,,,,,
Your bill at 3 is £33.65 so thats not bad!,,,,,,,,,,,,,
Did u find out what time the bus is at coz i need to sort some stuff out.,,,,,,,,,,,,,
I dont know what to do to come out of this so only am ask questions like this dont mistake me.,,,,,,,,,,,,,
Is fujitsu s series lifebook good?,,,,,,,,,,,,,
Thought praps you meant another one. Goodo! I'll look tomorrow ,,,,,,,,,,,,,
Which is weird because I know I had it at one point,,,,,,,,,,,,,
If you hear a loud scream in about &lt,#&gt, minutes its cause my Gyno will be shoving things up me that don't belong :/,,,,,,,,,,,
Oops I did have it,  &lt,#&gt, ?,,,,,,,,,,
Sorry, I'll call later,,,,,,,,,,,,
Call 09094100151 to use ur mins! Calls cast 10p/min (mob vary). Service provided by AOM, just GBP5/month. AOM Box61,M60 1ER until u stop. Ages 18+ only!,,,,,,,,,,,
Sat right? Okay thanks... ,,,,,,,,,,,,,
For real tho this sucks. I can't even cook my whole electricity is out. And I'm hungry.,,,,,,,,,,,,,
Yunny... I'm goin to be late,,,,,,,,,,,,,
K.k:)i'm going to tirunelvali this week to see my uncle ..i already spend the amount by taking dress .so only i want money.i will give it on feb 1,,,,,,,,,,,,,
I am in bus on the way to calicut,,,,,,,,,,,,,
Gibbs unsold.mike hussey,,,,,,,,,,,,,
K..k:)how about your training process?,,,,,,,,,,,,,
Well boy am I glad G wasted all night at applebees for nothing,,,,,,,,,,,,,
I can't speak, bcaz mobile have problem. I can listen you but you cann't listen my voice. So i calls you later.,,,,,,,,,,,,
Waaaat?? Lololo ok next time then!,,,,,,,,,,,,,
Hey are we going for the lo lesson or gym? ,,,,,,,,,,,,,
Great NEW Offer - DOUBLE Mins & DOUBLE Txt on best Orange tariffs AND get latest camera phones 4 FREE! Call MobileUpd8 free on 08000839402 NOW! or 2stoptxt T&Cs,,,,,,,,,,,,,
URGENT! Your Mobile number has been awarded with a £2000 prize GUARANTEED. Call 09061790121 from land line. Claim 3030. Valid 12hrs only 150ppm,,,,,,,,,,,,,
No shit, but I wasn't that surprised, so I went and spent the evening with that french guy I met in town here and we fooled around a bit but I didn't let him fuck me,,,,,,,,,,,
Rose for red,red for blood,blood for heart,heart for u. But u for me.... Send tis to all ur friends.. Including me.. If u like me.. If u get back, 1-u r poor in relation! 2-u need some 1 to support 3-u r frnd 2 many 4-some1 luvs u 5+- some1 is praying god to marry u.:-) try it....,,,,,,,,,
Ü mean it's confirmed... I tot they juz say oni... Ok then... ,,,,,,,,,,,,,
But i'm really really broke oh. No amount is too small even  &lt,#&gt, ,,,,,,,,,,,
You stayin out of trouble stranger!!saw Dave the other day hes sorted now!still with me bloke when u gona get a girl MR!ur mum still Thinks we will get 2GETHA! ,,,,,,,,,,,,,
Nothin comes to my mind. Ü help me buy hanger lor. Ur laptop not heavy?,,,,,,,,,,,,,
Sppok up ur mob with a Halloween collection of nokia logo&pic message plus a FREE eerie tone, txt CARD SPOOK to 8007,,,,,,,,,,,,
Yetunde, i'm sorry but moji and i seem too busy to be able to go shopping. Can you just please find some other way to get what you wanted us to get. Please forgive me. You can reply free via yahoo messenger.,,,,,,,,,,,,
S.this will increase the chance of winning.,,,,,,,,,,,,,
Ü still got lessons?  Ü in sch?,,,,,,,,,,,,,
You have 1 new message. Please call 08712400200.,,,,,,,,,,,,,
Nt joking seriously i told,,,,,,,,,,,,,
09066362231 URGENT! Your mobile No 07xxxxxxxxx won a £2,000 bonus caller prize on 02/06/03! this is the 2nd attempt to reach YOU! call 09066362231 ASAP!,,,,,,,,,,,,
I can't, I don't have her number!,,,,,,,,,,,,
Long time. You remember me today.,,,,,,,,,,,,,
chile, please! It's only a  &lt,DECIMAL&gt,  hour drive for me. I come down all the time and will be subletting feb-april for audition season.,,,,,,,,,,
Haha awesome, omw back now then,,,,,,,,,,,,
Have you heard about that job? I'm going to that wildlife talk again tonight if u want2come. Its that2worzels and a wizzle or whatever it is?! ,,,,,,,,,,,,,
Mom wants to know where you at,,,,,,,,,,,,,
Kinda. First one gets in at twelve! Aah. Speak tomo,,,,,,,,,,,,,
Shuhui has bought ron's present it's a swatch watch...,,,,,,,,,,,,,
Lol ... Oh no babe, I wont be sliding into your place after midnight, but thanks for the invite,,,,,,,,,,,
K..k...from tomorrow onwards started ah?,,,,,,,,,,,,,
Talk With Yourself Atleast Once In A Day...!!! Otherwise You Will Miss Your Best FRIEND In This WORLD...!!! -Shakespeare- SHESIL  &lt,#&gt,,,,,,,,,,,,
You call him now ok i said call him,,,,,,,,,,,,,
Yes i thought so. Thanks.,,,,,,,,,,,,,
Also maaaan are you missing out,,,,,,,,,,,,,
Back 2 work 2morro half term over! Can U C me 2nite 4 some sexy passion B4 I have 2 go back? Chat NOW 09099726481 Luv DENA Calls £1/minMobsmoreLKPOBOX177HP51FL,,,,,,,,,,,,,
Alright we'll bring it to you, see you in like  &lt,#&gt,  mins,,,,,,,,,,
Ok ill tell the company,,,,,,,,,,,,,
Is ur paper in e morn or aft tmr?,,,,,,,,,,,,,
http//tms. widelive.com/index. wml?id=820554ad0a1705572711&first=true¡C C Ringtone¡,,,,,,,,,,,,,
Are you this much buzy,,,,,,,,,,,,,
Now project pa. After that only i can come.,,,,,,,,,,,,,
Hi happy birthday. Hi hi hi hi hi hi hi,,,,,,,,,,,,,
Life spend with someone for a lifetime may be meaningless but a few moments spent with someone who really love you means more than life itself..,,,,,,,,,,,,,
See the forwarding message for proof,,,,,,,,,,,,,
Thank you, winner notified by sms. Good Luck! No future marketing reply STOP to 84122 customer services 08450542832,,,,,,,,,,,,
Then its most likely called Mittelschmertz. Google it. If you dont have paracetamol dont worry it will go.,,,,,,,,,,,,,
I'm in a meeting, call me later at,,,,,,,,,,,,
So that takes away some money worries,,,,,,,,,,,,,
Good afternoon my boytoy. How goes that walking here and there day ? Did you get that police abstract? Are you still out and about? I wake and miss you babe,,,,,,,,,,,,,
Hey babe, how's it going ? Did you ever figure out where your going for New Years ?,,,,,,,,,,,,
Call 09095350301 and send our girls into erotic ecstacy. Just 60p/min. To stop texts call 08712460324 (nat rate),,,,,,,,,,,,,
In case you wake up wondering where I am, I forgot I have to take care of something for grandma today, should be done before the parade,,,,,,,,,,,
U sure u can't take any sick time?,,,,,,,,,,,,,
Raji..pls do me a favour. Pls convey my Birthday wishes to Nimya. Pls. Today is her birthday.,,,,,,,,,,,,,
Pls speak with me. I wont ask anything other then you friendship.,,,,,,,,,,,,,
Then i buy.,,,,,,,,,,,,,
Spending new years with my brother and his family. Lets plan to meet next week. Are you ready to be spoiled? :),,,,,,,,,,,,,
Going to join tomorrow.,,,,,,,,,,,,,
Good morning, my Love ... I go to sleep now and wish you a great day full of feeling better and opportunity ... You are my last thought babe, I LOVE YOU *kiss*,,,,,,,,,,,
2 laptop... I noe infra but too slow lar... I wan fast one,,,,,,,,,,,,,
They said if its gonna snow, it will start around 8 or 9 pm tonite! They are predicting an inch of accumulation.,,,,,,,,,,,,
We left already we at orchard now.,,,,,,,,,,,,,
Congrats. That's great. I wanted to tell you not to tell me your score cos it might make me relax. But its motivating me so thanks for sharing,,,,,,,,,,,,,
… and don‘t worry we‘ll have finished by march … ish!,,,,,,,,,,,,,
Watching tv now. I got new job :),,,,,,,,,,,,,
How much would it cost to hire a hitman,,,,,,,,,,,,,
You can stop further club tones by replying STOP MIX See my-tone.com/enjoy. html for terms. Club tones cost GBP4.50/week. MFL, PO Box 1146 MK45 2WT (2/3),,,,,,,,,,,,
So li hai... Me bored now da lecturer repeating last weeks stuff waste time... ,,,,,,,,,,,,,
First has she gained more than  &lt,#&gt, kg since she took in. Second has she done the blood sugar tests. If she has and its ok and her blood pressure is within normal limits then no worries,,,,,,,,,,,
And whenever you and i see we can still hook up too.,,,,,,,,,,,,,
Yeah, probably here for a while,,,,,,,,,,,,
Jus finish watching tv... U?,,,,,,,,,,,,,
Aight what time you want me to come up?,,,,,,,,,,,,,
Eh u send wrongly lar...,,,,,,,,,,,,,
Ugh hopefully the asus ppl dont randomly do a reformat.,,,,,,,,,,,,,
Moby Pub Quiz.Win a £100 High Street prize if u know who the new Duchess of Cornwall will be? Txt her first name to 82277.unsub STOP £1.50 008704050406 SP,,,,,,,,,,,,,
FreeMsg: Fancy a flirt? Reply DATE now & join the UKs fastest growing mobile dating service. Msgs rcvd just 25p to optout txt stop to 83021. Reply DATE now!,,,,,,,,,,,,,
Hiya, probably coming home * weekend after next,,,,,,,,,,,,
Pls pls find out from aunt nike.,,,,,,,,,,,,,
PRIVATE! Your 2003 Account Statement for 07973788240 shows 800 un-redeemed S. I. M. points. Call 08715203649 Identifier Code: 40533 Expires 31/10/04,,,,,,,,,,,,,
Please tell me you have some of that special stock you were talking about,,,,,,,,,,,,,
Its just the effect of irritation. Just ignore it,,,,,,,,,,,,,
A guy who gets used but is too dumb to realize it.,,,,,,,,,,,,,
Ok lor... Sony ericsson salesman... I ask shuhui then she say quite gd 2 use so i considering...,,,,,,,,,,,,,
Yeah I should be able to, I'll text you when I'm ready to meet up,,,,,,,,,,,,
watever reLation u built up in dis world only thing which remains atlast iz lonlines with lotz n lot memories! feeling..,,,,,,,,,,,,,
Yes fine ,,,,,,,,,,,,,
What happen dear tell me,,,,,,,,,,,,,
Oh k:)after that placement there ah?,,,,,,,,,,,,,
This weeks SavaMob member offers are now accessible. Just call 08709501522 for details! SavaMob, POBOX 139, LA3 2WU. Only £1.50/week. SavaMob - offers mobile!,,,,,,,,,,,
K.i did't see you.:)k:)where are you now?,,,,,,,,,,,,,
There is a first time for everything :),,,,,,,,,,,,,
Dear got train and seat mine lower seat,,,,,,,,,,,,,
I hav almost reached. Call, i m unable to connect u.,,,,,,,,,,,,
Nah im goin 2 the wrks with j wot bout u?,,,,,,,,,,,,,
7 wonders in My WORLD 7th You 6th Ur style 5th Ur smile 4th Ur Personality 3rd Ur Nature 2nd Ur SMS and 1st Ur Lovely Friendship... good morning dear,,,,,,,,,,,,,
Wan2 win a Meet+Greet with Westlife 4 U or a m8? They are currently on what tour? 1)Unbreakable, 2)Untamed, 3)Unkempt. Text 1,2 or 3 to 83049. Cost 50p +std text,,,,,,,,,,
Sorry, I'll call later,,,,,,,,,,,,
Dont know you bring some food,,,,,,,,,,,,,
Back in brum! Thanks for putting us up and keeping us all and happy. See you soon ,,,,,,,,,,,,,
Just arrived, see you in a couple days &lt,3,,,,,,,,,,,
Yalru lyfu astne chikku.. Bt innu mundhe lyf ali halla ke bilo (marriage)program edhae, so lyf is nt yet ovr chikku..ali vargu lyfu meow meow:-D,,,,,,,,,,,,
You have to pls make a note of all she.s exposed to. Also find out from her school if anyone else was vomiting. Is there a dog or cat in the house? Let me know later.,,,,,,,,,,,,,
Eh den sat u book e kb liao huh...,,,,,,,,,,,,,
I wish u were here. I feel so alone,,,,,,,,,,,,,
alright, I'll make sure the car is back tonight,,,,,,,,,,,,
Hi hope u r both ok, he said he would text and he hasn't, have u seen him, let me down gently please ,,,,,,,,,,
Congratulations! Thanks to a good friend U have WON the £2,000 Xmas prize. 2 claim is easy, just call 08718726978 NOW! Only 10p per minute. BT-national-rate,,,,,,,,,,,
The greatest test of courage on earth is to bear defeat without losing heart....gn tc,,,,,,,,,,,,,
Think I could stop by in like an hour or so? My roommate's looking to stock up for a trip,,,,,,,,,,,,,
Yup i shd haf ard 10 pages if i add figures... Ü all got how many pages?,,,,,,,,,,,,,
Why did I wake up on my own &gt,:(,,,,,,,,,,,,
I've got it down to a tea. not sure which flavour,,,,,,,,,,,,,
Wat r u doing?,,,,,,,,,,,,,
URGENT! Your mobile No *********** WON a £2,000 Bonus Caller Prize on 02/06/03! This is the 2nd attempt to reach YOU! Call 09066362220 ASAP! BOX97N7QP, 150ppm,,,,,,,,,,,
Thanks for your ringtone order, reference number X49. Your mobile will be charged 4.50. Should your tone not arrive please call customer services 09065989182. From: [colour=red]text[/colour]TXTstar,,,,,,,,,,,,
Lol boo I was hoping for a laugh,,,,,,,,,,,,,
Wat time ü finish?,,,,,,,,,,,,,
Dear friends, sorry for the late information. Today is the birthday of our loving Ar.Praveesh. for more details log on to face book and see. Its his number + &lt,#&gt, . Dont miss a delicious treat.,,,,,,,,,,
Sorry about earlier. Putting out fires.Are you around to talk after 9? Or do you actually have a life, lol!,,,,,,,,,,,,
Carlos says we can pick up from him later so yeah we're set,,,,,,,,,,,,,
Haha I heard that, text me when you're around,,,,,,,,,,,,
THING R GOOD THANX GOT EXAMS IN MARCH IVE DONE NO REVISION? IS FRAN STILL WITH BOYF? IVE GOTTA INTERVIW 4 EXETER BIT WORRIED!x,,,,,,,,,,,,,
HI DARLIN HOW WAS WORK DID U GET INTO TROUBLE? IJUST TALKED TO YOUR MUM ALL MORNING! I HAD A REALLY GOOD TIME LAST NIGHT IM GOIN OUT SOON BUT CALL ME IF U CAN,,,,,,,,,,,,,
ME 2 BABE I FEEL THE SAME LETS JUST 4GET ABOUT IT+BOTH TRY +CHEER UP+NOT FIT SOO MUCHXXLOVE U LOCAXX,,,,,,,,,,,,,
For ur chance to win a £250 cash every wk TXT: ACTION to 80608. T's&C's www.movietrivia.tv custcare 08712405022, 1x150p/wk.,,,,,,,,,,,,
Loans for any purpose even if you have Bad Credit! Tenants Welcome. Call NoWorriesLoans.com on 08717111821,,,,,,,,,,,,,
Can ü call me at 10:10 to make sure dat i've woken up...,,,,,,,,,,,,,
This is my number by vivek..,,,,,,,,,,,,,
My friends use to call the same.,,,,,,,,,,,,,
I will see in half an hour,,,,,,,,,,,,,
Me, i dont know again oh,,,,,,,,,,,,
Oh god..taken the teeth?is it paining,,,,,,,,,,,,,
Ic. There are a lotta childporn cars then.,,,,,,,,,,,,,
I dont have any of your file in my bag..i was in work when you called me.i 'll tell you if i find anything in my room.,,,,,,,,,,,,,
Congratulations U can claim 2 VIP row A Tickets 2 C Blu in concert in November or Blu gift guaranteed Call 09061104276 to claim TS&Cs www.smsco.net cost£3.75max ,,,,,,,,,,,,,
Actually nvm, got hella cash, we still on for  &lt,#&gt, ish?,,,,,,,,,
Remember to ask alex about his pizza,,,,,,,,,,,,,
I'm not sure, I was just checking out what was happening around the area,,,,,,,,,,,,
will you like to be spoiled? :),,,,,,,,,,,,,
Ok i msg u b4 i leave my house.,,,,,,,,,,,,,
Is xy in ur car when u picking me up?,,,,,,,,,,,,,
I'm going 4 lunch now wif my family then aft dat i go str 2 orchard lor.,,,,,,,,,,,,,
I hope you know I'm still mad at you.,,,,,,,,,,,,,
I think it's all still in my car,,,,,,,,,,,,,
I told her I had a Dr appt next week. She thinks I'm gonna die. I told her its just a check. Nothing to be worried about. But she didn't listen.,,,,,,,,,,,,,
fyi I'm at usf now, swing by the room whenever,,,,,,,,,,,,
Hey...Great deal...Farm tour 9am to 5pm $95/pax, $50 deposit by 16 May,,,,,,,,,,,,
Hiya, sorry didn't hav signal. I haven't seen or heard from and neither has, which is unusual in itself! I'll put on the case and get him to sort it out! Hugs and snogs.,,,,,,,,,,,
Ok... Sweet dreams...,,,,,,,,,,,,,
Yup song bro. No creative. Neva test quality. He said check review online.,,,,,,,,,,,,,
Today my system sh get ready.all is well and i am also in the deep well,,,,,,,,,,,,,
That's what I love to hear :V see you sundayish, then,,,,,,,,,,,,
No worries, hope photo shoot went well. have a spiffing fun at workage. ,,,,,,,,,,,,
It‘s £6 to get in, is that ok?,,,,,,,,,,,,
Yup ü not comin :-(,,,,,,,,,,,,,
FreeMsg>FAV XMAS TONES!Reply REAL,,,,,,,,,,,,,
Okey dokey, i‘ll be over in a bit just sorting some stuff out.,,,,,,,,,,,,
I am not having her number sir,,,,,,,,,,,,,
Happy new year. Hope you are having a good semester,,,,,,,,,,,,,
Dont talk to him ever ok its my word.,,,,,,,,,,,,,
You best watch what you say cause I get drunk as a motherfucker,,,,,,,,,,,,,
Ding me on ya break fassyole! Blacko from londn,,,,,,,,,,,,,
Yeah we wouldn't leave for an hour at least, how's 4 sound?,,,,,,,,,,,,
Yes princess! I want to catch you with my big strong hands...,,,,,,,,,,,,,
I wont touch you with out your permission.,,,,,,,,,,,,,
Also fuck you and your family for going to rhode island or wherever the fuck and leaving me all alone the week I have a new bong &gt,:(,,,,,,,,,,,,
URGENT! You have won a 1 week FREE membership in our £100,000 Prize Jackpot! Txt the word: CLAIM to No: 81010 T&C www.dbuk.net LCCLTD POBOX 4403LDNW1A7RW18,,,,,,,,,,,,
If anyone calls for a treadmill say you'll buy it. Make sure its working. I found an ad on Craigslist selling for $ &lt,#&gt, .,,,,,,,,,,,
I'm not sure if its still available though,,,,,,,,,,,,,
Yes! I am a one woman man! Please tell me your likes and dislikes in bed...,,,,,,,,,,,,,
Love you aathi..love u lot..,,,,,,,,,,,,,
I'm freezing and craving ice. Fml,,,,,,,,,,,,,
FREE entry into our £250 weekly comp just send the word WIN to 80086 NOW. 18 T&C www.txttowin.co.uk,,,,,,,,,,,,,
I had askd u a question some hours before. Its answer,,,,,,,,,,,,,
HOT LIVE FANTASIES call now 08707509020 Just 20p per min NTT Ltd, PO Box 1327 Croydon CR9 5WB 0870 is a national rate call,,,,,,,,,,,,
Camera - You are awarded a SiPix Digital Camera! call 09061221066 fromm landline. Delivery within 28 days,,,,,,,,,,,,,
I'm home. Ard wat time will u reach?,,,,,,,,,,,,,
Congrats kano..whr s the treat maga?,,,,,,,,,,,,,
Gal n boy walking in d park. gal-can i hold ur hand? boy-y? do u think i would run away? gal-no, jst wana c how it feels walking in heaven with an prince..GN:-),,,,,,,,,,,,
Sorry, I'll call later  &lt,#&gt, mins,,,,,,,,,,
I know you are thinkin malaria. But relax, children cant handle malaria. She would have been worse and its gastroenteritis. If she takes enough to replace her loss her temp will reduce. And if you give her malaria meds now she will just vomit. Its a self limiting illness she has which means in a few days it will completely stop,,,,,,,,,,,,
Aight will do, thanks again for comin out,,,,,,,,,,,,
That's significant but dont worry.,,,,,,,,,,,,,
LookAtMe!: Thanks for your purchase of a video clip from LookAtMe!, you've been charged 35p. Think you can do better? Why not send a video in a MMSto 32323.,,,,,,,,,,,,
Draw va?i dont think so:),,,,,,,,,,,,,
Panasonic & BluetoothHdset FREE. Nokia FREE. Motorola FREE & DoubleMins & DoubleTxt on Orange contract. Call MobileUpd8 on 08000839402 or call 2optout,,,,,,,,,,,,,
Tell dear what happen to you. Why you talking to me like an alian,,,,,,,,,,,,,
Aight ill get on fb in a couple minutes,,,,,,,,,,,,,
Noooooooo please. Last thing I need is stress. For once in your life be fair.,,,,,,,,,,,,,
Sir, good morning. Hope you had a good weekend. I called to let you know that i was able to raise  &lt,#&gt,  from my dad. He however said he would make the rest available by mid feb. This amount is still quite short and i was hoping you would help. Do have a good day. Abiola,,,,,,,,,,
Cbe is really good nowadays:)lot of shop and showrooms:)city is shaping good.,,,,,,,,,,,,,
Not heard from U4 a while. Call 4 rude chat private line 01223585334 to cum. Wan 2C pics of me gettin shagged then text PIX to 8552. 2End send STOP 8552 SAM xxx,,,,,,,,,,,,,
SORRY IM STIL FUCKED AFTER LAST NITE WENT TOBED AT 430 GOT UP 4 WORK AT 630,,,,,,,,,,,,,
Forgot you were working today! Wanna chat, but things are ok so drop me a text when you're free / bored etc and i'll ring. Hope all is well, nose essay and all xx,,,,,,,,,,,
We got a divorce. Lol. She.s here,,,,,,,,,,,,,
naughty little thought: 'its better to flirt, flirt n flirt, rather than loving someone n gettin hurt, hurt n hurt...:-) Gud nyt,,,,,,,,,,
Pity, * was in mood for that. So...any other suggestions?,,,,,,,,,,,,
What's nannys address?,,,,,,,,,,,,,
Goodmorning, today i am late for 2hrs. Because of back pain.,,,,,,,,,,,,
A lot of this sickness thing going round. Take it easy. Hope u feel better soon. Lol,,,,,,,,,,,,,
I think I‘m waiting for the same bus! Inform me when you get there, if you ever get there.,,,,,,,,,,,,
Evry Emotion dsn't hav Words.Evry Wish dsn't hav Prayrs.. If u Smile,D World is wit u.Othrwise even d Drop of Tear dsn't lik 2 Stay wit u.So b happy.. Good morning, keep smiling:-),,,,,,,,,,,
Where can download clear movies. Dvd copies.,,,,,,,,,,,,,
&lt,#&gt,  is fast approaching. So, Wish u a very Happy New Year Happy Sankranti Happy republic day Happy Valentines Day Happy Shivratri Happy Ugadi Happy Fools day Happy May Day Happy Independence Day, Happy Friendship,Mother,Father,Teachers,Childrens Day, &amp, HAPPY BIRTHDAY 4 U. Happy Ganesh festival Happy Dasara Happy Diwali Happy Christmas  &lt,#&gt,  Good Mornings Afternoons, Evenings Nights. RememberI AM the first to WISHING U ALL THESE...your's Raj
When I was born, GOD said, Oh No! Another IDIOT. When you were born, GOD said, OH No! COMPETITION. Who knew, one day these two will become FREINDS FOREVER!,,,,,,,,
I know where the  &lt,#&gt,  is, I'll be there around 5,,,,,,,,,,
see, i knew giving you a break a few times woul lead to you always wanting to miss curfew. I was gonna gibe you 'til one, but a MIDNIGHT movie is not gonna get out til after 2. You need to come home. You need to getsleep and, if anything, you need to b studdying ear training.,,,,,,,,,
Hello boytoy ! Geeee ... I'm missing you today. I like to send you a tm and remind you I'm thinking of you ... And you are loved ... *loving kiss*,,,,,,,,,,,,,
Haha, just what I was thinkin,,,,,,,,,,,,
I'm always on yahoo messenger now. Just send the message to me and i.ll get it you may have to send it in the mobile mode sha but i.ll get it. And will reply.,,,,,,,,,,,,,
UR GOING 2 BAHAMAS! CallFREEFONE 08081560665 and speak to a live operator to claim either Bahamas cruise of£2000 CASH 18+only. To opt out txt X to 07786200117,,,,,,,,,,,,,
Tomarrow i want to got to court. At  &lt,DECIMAL&gt, . So you come to bus stand at 9.,,,,,,,,,,,
S:-)kallis wont play in first two odi:-),,,,,,,,,,,,,
Got ur mail Dileep.thank you so muchand look forward to lots of support...very less contacts here,remember one venugopal you mentioned.tomorrow if not late,i shall try to come up till there.goodnight dear.,,,,,,,,,,,
You know there is. I shall speak to you in  &lt,#&gt,  minutes then,,,,,,,,,,,
did u get that message,,,,,,,,,,,,,
FreeMsg Hey U, i just got 1 of these video/pic fones, reply WILD to this txt & ill send U my pics, hurry up Im so bored at work xxx (18 150p/rcvd STOP2stop),,,,,,,,,,
FREE for 1st week! No1 Nokia tone 4 ur mob every week just txt NOKIA to 87077 Get txting and tell ur mates. zed POBox 36504 W45WQ norm150p/tone 16+,,,,,,,,,,,,,
83039 62735=£450 UK Break AccommodationVouchers terms & conditions apply. 2 claim you mustprovide your claim number which is 15541 ,,,,,,,,,,,,,
Ur cash-balance is currently 500 pounds - to maximize ur cash-in now send GO to 86688 only 150p/meg. CC: 08718720201 HG/Suite342/2lands Row/W1j6HL,,,,,,,,,,,,,
How are you babes. Hope your doing ok. I had a shit nights sleep. I fell asleep at 5.Im knackered and im dreading work tonight. What are thou upto tonight. X,,,,,,,,,,,,,
Haha figures, well I found the piece and priscilla's bowl,,,,,,,,,,,,
That's y i said it's bad dat all e gals know u... Wat u doing now?,,,,,,,,,,,,,
I was about to do it when i texted. I finished a long time ago and showered and er'ything!,,,,,,,,,,,,,
CHEERS FOR CALLIN BABE.SOZI CULDNT TALKBUT I WANNATELL U DETAILS LATER WENWECAN CHAT PROPERLY X,,,,,,,,,,,,,
Please CALL 08712402578 immediately as there is an urgent message waiting for you,,,,,,,,,,,,,
Can do lor...,,,,,,,,,,,,,
I could ask carlos if we could get more if anybody else can chip in,,,,,,,,,,,,,
Si.como no?!listened2the plaid album-quite gd&the new air1 which is hilarious-also boughtbraindancea comp.ofstuff on aphexs ,abel,u hav2hear it!c u sn xxxx,,,,,,,,,,,
Single line with a big meaning::::: Miss anything 4 ur Best Life but, don't miss ur best life for anything... Gud nyt...,,,,,,,,,,,,
Ok... Let u noe when i leave my house.,,,,,,,,,,,,,
Dear Matthew please call 09063440451 from a landline, your complimentary 4*Lux Tenerife holiday or £1000 CASH await collection. ppm150 SAE T&Cs Box334 SK38XH.,,,,,,,,,,,,
Armand says get your ass over to epsilon,,,,,,,,,,,,,
Call me, i am senthil from hsbc.,,,,,,,,,,,,
Do whatever you want. You know what the rules are. We had a talk earlier this week about what had to start happening, you showing responsibility. Yet, every week it's can i bend the rule this way? What about that way? Do whatever. I'm tired of having thia same argument with you every week. And a  &lt,#&gt,  movie DOESNT inlude the previews. You're still getting in after 1.,,,,,,,,,
You won't believe it but it's true. It's Incredible Txts! Reply G now to learn truly amazing things that will blow your mind. From O2FWD only 18p/txt,,,,,,,,,,,,,
Do u knw dis no. &lt,#&gt, ?,,,,,,,,,,,
Aight I'll grab something to eat too, text me when you're back at mu,,,,,,,,,,,,
Great. I'm in church now, will holla when i get out,,,,,,,,,,,,
PRIVATE! Your 2004 Account Statement for 078498****7 shows 786 unredeemed Bonus Points. To claim call 08719180219 Identifier Code: 45239 Expires 06.05.05,,,,,,,,,,,,,
The Xmas story is peace.. The Xmas msg is love.. The Xmas miracle is jesus.. Hav a blessed month ahead &amp, wish U Merry Xmas...,,,,,,,,,,,,
,-( oh well, c u later,,,,,,,,,,,
I got your back! Do you have any dislikes in bed?,,,,,,,,,,,,,
Japanese Proverb: If one Can do it, U too Can do it, If none Can do it,U must do it Indian version: If one Can do it, LET HIM DO it.. If none Can do it,LEAVE it!! And finally Kerala version: If one can do it, Stop him doing it.. If none can do it, Make a strike against it ...,,,,,,
The last thing i ever wanted to do was hurt you. And i didn't think it would have. You'd laugh, be embarassed, delete the tag and keep going. But as far as i knew, it wasn't even up. The fact that you even felt like i would do it to hurt you shows you really don't know me at all. It was messy wednesday, but it wasn't bad. The problem i have with it is you HAVE the time to clean it, but you choose not to. You skype, you take pictures, you sleep, you want to go out. I don't mind a few things here and there, but when you don't make the bed, when you throw laundry on top of it, when i can't have a friend in the house because i'm embarassed that there's underwear and bras strewn on the bed, pillows on the floor, that's something else. You used to be good about at least making the bed.
If i said anything wrong sorry de:-),,,,,,,,,,,,,
Kind of. Just missed train cos of asthma attack, nxt one in half hr so driving in. not sure where to park.,,,,,,,,,,,,
Me too baby! I promise to treat you well! I bet you will take good care of me...,,,,,,,,,,,,,
I'm not coming home 4 dinner.,,,,,,,,,,,,,
As if i wasn't having enough trouble sleeping.,,,,,,,,,,,,,
Aah! A cuddle would be lush! I'd need lots of tea and soup before any kind of fumbling!,,,,,,,,,,,,,
Cool, we shall go and see, have to go to tip anyway. Are you at home, got something to drop in later? So lets go to town tonight! Maybe mum can take us in.,,,,,,,,,,
Ok lor wat time ü finish?,,,,,,,,,,,,,
u r subscribed 2 TEXTCOMP 250 wkly comp. 1st wk?s free question follows, subsequent wks charged@150p/msg.2 unsubscribe txt STOP 2 84128,custcare 08712405020,,,,,,,,,,,
Sorry, I'll call later,,,,,,,,,,,,
I am on the way to ur home,,,,,,,,,,,,,
I meant as an apology from me for texting you to get me drugs at  &lt,#&gt, at night,,,,,,,,,,,
Aiyar dun disturb u liao... Thk u have lots 2 do aft ur cupboard come...,,,,,,,,,,,,,
YES! The only place in town to meet exciting adult singles is now in the UK. Txt CHAT to 86688 now! 150p/Msg.,,,,,,,,,,,,,
Its ok my arm is feeling weak cuz i got a shot so we can go another time,,,,,,,,,,,,,
Are you angry with me. What happen dear,,,,,,,,,,,,,
Unfortunately i've just found out that we have to pick my sister up from the airport that evening so don't think i'll be going out at all. We should try to go out one of th,,,,,,,,,,,,,
Oh great. I.ll disturb him more so that we can talk.,,,,,,,,,,,,,
I keep ten rs in my shelf:) buy two egg.,,,,,,,,,,,,,
Smile in Pleasure Smile in Pain Smile when trouble pours like Rain Smile when sum1 Hurts U Smile becoz SOMEONE still Loves to see u Smiling!!,,,,,,,,,,,,,
You also didnt get na hi hi hi hi hi,,,,,,,,,,,,,
Yeah but which is worse for i,,,,,,,,,,,,,
Thk some of em find wtc too far... Weiyi not goin... E rest i dunno yet... R ur goin 4 dinner den i might b able to join...,,,,,,,,,,,,,
I dont know why she.s not getting your messages,,,,,,,,,,,,,
I'm not. She lip synced with shangela.,,,,,,,,,,,,,
How much did ur hdd casing cost.,,,,,,,,,,,,,
But you were together so you should be thinkin about him,,,,,,,,,,,,,
You should get more chicken broth if you want ramen unless there's some I don't know about,,,,,,,,,,,,,
As a valued customer, I am pleased to advise you that following recent review of your Mob No. you are awarded with a £1500 Bonus Prize, call 09066364589,,,,,,,,,,,
Ü no home work to do meh... ,,,,,,,,,,,,,
If india win or level series means this is record:),,,,,,,,,,,,,
Forgot to tell ü smth.. Can ü like number the sections so that it's clearer..,,,,,,,,,,,,,
Message:some text missing* Sender:Name Missing* *Number Missing *Sent:Date missing *Missing U a lot thats y everything is missing sent via fullonsms.com,,,,,,,,,,,,,
Yo guess what I just dropped,,,,,,,,,,,,,
Yar but they say got some error.,,,,,,,,,,,,,
Oh yeah I forgot. U can only take 2 out shopping at once.,,,,,,,,,,,,,
 what number do u live at? Is it 11?,,,,,,,,,,,,,
Did u download the fring app?,,,,,,,,,,,,,
Thx. All will be well in a few months,,,,,,,,,,,,,
I've reached already.,,,,,,,,,,,,,
Yeah, probably earlier than that,,,,,,,,,,,,
Yo come over carlos will be here soon,,,,,,,,,,,,,
You have WON a guaranteed £1000 cash or a £2000 prize.To claim yr prize call our customer service representative on,,,,,,,,,,,,,
I've been trying to reach him without success,,,,,,,,,,,,,
You've always been the brainy one.,,,,,,,,,,,,,
Dude how do you like the buff wind.,,,,,,,,,,,,,
Speak only when you feel your words are better than the silence... Gud mrng:-),,,,,,,,,,,,,
Yo we are watching a movie on netflix,,,,,,,,,,,,,
Please call our customer service representative on FREEPHONE 0808 145 4742 between 9am-11pm as you have WON a guaranteed £1000 cash or £5000 prize!,,,,,,,,,,,,,
Babe, I'm answering you, can't you see me ? Maybe you'd better reboot YM ... I got the photo ... It's great !,,,,,,,,,,,
I think you should go the honesty road. Call the bank tomorrow. Its the tough decisions that make us great people.,,,,,,,,,,,,,
You in your room? I need a few,,,,,,,,,,,,,
The guy did some bitching but I acted like i'd be interested in buying something else next week and he gave it to us for free,,,,,,,,,,,,,
I didn't get the second half of that message,,,,,,,,,,,,,
U horrible gal... U knew dat i was going out wif him yest n u still come n ask me...,,,,,,,,,,,,,
Free-message: Jamster!Get the crazy frog sound now! For poly text MAD1, for real text MAD2 to 88888. 6 crazy sounds for just 3 GBP/week! 16+only! T&C's apply,,,,,,,,,,,,
Aiya we discuss later lar... Pick ü up at 4 is it?,,,,,,,,,,,,,
If you r @ home then come down within 5 min,,,,,,,,,,,,,
Okie ü wan meet at bishan? Cos me at bishan now. I'm not driving today.,,,,,,,,,,,,,
Full heat pa:-) i have applyed oil pa.,,,,,,,,,,,,,
Its sarcasm.. .nt scarcasim,,,,,,,,,,,,,
We are supposed to meet to discuss abt our trip... Thought xuhui told you? In the afternoon. Thought we can go for lesson after that,,,,,,,,,,,,,
Yup ok...,,,,,,,,,,,,,
Friendship poem: Dear O Dear U R Not Near But I Can Hear Dont Get Fear Live With Cheer No More Tear U R Always my Dear. Gud ni8,,,,,,,,,,,,,
Good morning, my boytoy! How's those yummy lips ? Where's my sexy buns now ? What do you do ? Do you think of me ? Do you crave me ? Do you need me ?,,,,,,,,,,,,
Hello beautiful r u ok? I've kinda ad a row wiv and he walked out the pub?? I wanted a night wiv u Miss u ,,,,,,,,,,,,,
Lmao!nice 1,,,,,,,,,,,,,
they released another Italian one today and it has a cosign option,,,,,,,,,,,,,
CHEERS LOU! YEAH WAS A GOODNITE SHAME U NEVA CAME! C YA GAILxx,,,,,,,,,,,,,
Cheers for the message Zogtorius. Ive been staring at my phone for an age deciding whether to text or not.,,,,,,,,,,,,,
I'll text carlos and let you know, hang on,,,,,,,,,,,,
PRIVATE! Your 2003 Account Statement for 07808247860 shows 800 un-redeemed S. I. M. points. Call 08719899229 Identifier Code: 40411 Expires 06/11/04,,,,,,,,,,,,,
Win the newest Harry Potter and the Order of the Phoenix (Book 5) reply HARRY, answer 5 questions - chance to be the first among readers!,,,,,,,,,,,,
After the drug she will be able to eat.,,,,,,,,,,,,,
Nope but i'm going home now then go pump petrol lor... Like going 2 rain soon...,,,,,,,,,,,,,
Thanx a lot 4 ur help!,,,,,,,,,,,,,
Ok. Not sure what time tho as not sure if can get to library before class. Will try. See you at some point! Have good eve.,,,,,,,,,,,,,
Awesome, lemme know whenever you're around,,,,,,,,,,,,
S...i will take mokka players only:),,,,,,,,,,,,,
He is impossible to argue with and he always treats me like his sub, like he never released me ... Which he did and I will remind him of that if necessary,,,,,,,,,,,,
No break time one... How... I come out n get my stuff fr ü?,,,,,,,,,,,,,
HI ITS JESS I DONT KNOW IF YOU ARE AT WORK BUT CALL ME WHEN U CAN IM AT HOME ALL EVE. XXX,,,,,,,,,,,,,
Ok i vl..do u know i got adsense approved..,,,,,,,,,,,,,
U GOIN OUT 2NITE?,,,,,,,,,,,,,
Ü takin linear algebra today?,,,,,,,,,,,,,
Congratulations! Thanks to a good friend U have WON the £2,000 Xmas prize. 2 claim is easy, just call 08718726971 NOW! Only 10p per minute. BT-national-rate.,,,,,,,,,,,
Havent still waitin as usual... Ü come back sch oredi?,,,,,,,,,,,,,
Good Morning my Dear........... Have a great &amp, successful day.,,,,,,,,,,,,
You are being ripped off! Get your mobile content from www.clubmoby.com call 08717509990 poly/true/Pix/Ringtones/Games six downloads for only 3,,,,,,,,,,,,,
Er yeah, i will b there at 15:26, sorry! Just tell me which pub/cafe to sit in and come wen u can,,,,,,,,,,,
Its ok., i just askd did u knw tht no?,,,,,,,,,,,,
If you still havent collected the dough pls let me know so i can go to the place i sent it to get the control number,,,,,,,,,,,,,
No message..no responce..what happend?,,,,,,,,,,,,,
Oh shut it. Omg yesterday I had a dream that I had 2 kids both boys. I was so pissed. Not only about the kids but them being boys. I even told mark in my dream that he was changing diapers cause I'm not getting owed in the face.,,,,,,,,,,,,,
Went fast asleep dear.take care.,,,,,,,,,,,,,
Yar i wanted 2 scold u yest but late already... I where got zhong se qing you? If u ask me b4 he ask me then i'll go out w u all lor. N u still can act so real.,,,,,,,,,,,,,
Hey now am free you can call me.,,,,,,,,,,,,,
Oh... Lk tt den we take e one tt ends at cine lor... Dun wan yogasana oso can... ,,,,,,,,,,,,,
K. I will sent it again,,,,,,,,,,,,,
University of southern california.,,,,,,,,,,,,,
I have lost 10 kilos as of today!,,,,,,,,,,,,,
Can you please ask macho what his price range is, does he want something new or used plus it he only interfued in the blackberry bold  &lt,#&gt,  or any bb,,,,,,,,,,
That was random saw my old roomate on campus. He graduated,,,,,,,,,,,,,
I don't know but I'm raping dudes at poker,,,,,,,,,,,,,
Gr8 new service - live sex video chat on your mob - see the sexiest dirtiest girls live on ur phone - 4 details text horny to 89070 to cancel send STOP to 89070,,,,,,,,,,,,,
7 wonders in My WORLD 7th You 6th Ur style 5th Ur smile 4th Ur Personality 3rd Ur Nature 2nd Ur SMS and 1st Ur Lovely Friendship... good morning dear,,,,,,,,,,,,,
Lol that's different. I don't go trying to find every real life photo you ever took.,,,,,,,,,,,,,
somewhere out there beneath the pale moon light someone think in of u some where out there where dreams come true... goodnite &amp, sweet dreams,,,,,,,,,,,,
Eek that's a lot of time especially since American Pie is like 8 minutes long. I can't stop singing it.,,,,,,,,,,,,,
Am in film ill call you later.,,,,,,,,,,,,,
Still chance there. If you search hard you will get it..let have a try :),,,,,,,,,,,,,
Dear Dave this is your final notice to collect your 4* Tenerife Holiday or #5000 CASH award! Call 09061743806 from landline. TCs SAE Box326 CW25WX 150ppm,,,,,,,,,,,,,
No..but heard abt tat..,,,,,,,,,,,,,
Storming msg: Wen u lift d phne, u say HELLO Do u knw wt is d real meaning of HELLO?? . . . It's d name of a girl..! . . . Yes.. And u knw who is dat girl?? Margaret Hello She is d girlfrnd f Grahmbell who invnted telphone... . . . . Moral:One can 4get d name of a person, bt not his girlfrnd... G o o d n i g h t . . .@,,,,,,,,,,,
Yup. Thk of u oso boring wat.,,,,,,,,,,,,,
I can. But it will tell quite long, cos i haven't finish my film yet...,,,,,,,,,,,,
I said its okay. Sorry,,,,,,,,,,,,,
Mum, hope you are having a great day. Hoping this text meets you well and full of life. Have a great day. Abiola,,,,,,,,,,,,
Do you want bold 2 or bb torch,,,,,,,,,,,,,
He fucking chickened out. He messaged me he would be late and woould buzz me and then I didn't hear a word from him,,,,,,,,,,,,,
Its so common hearin How r u? Wat r u doing? How was ur day? So let me ask u something different. Did u smile today? If not, do it now.... Gud evng.,,,,,,,,,,,,
Wanna have a laugh? Try CHIT-CHAT on your mobile now! Logon by txting the word: CHAT and send it to No: 8883 CM PO Box 4217 London W1A 6ZF 16+ 118p/msg rcvd,,,,,,,,,,,,,
Cool, I'll text you in a few,,,,,,,,,,,,
Hiya. How was last night? I've been naughty and bought myself clothes and very little ... Ready for more shopping tho! What kind of time do you wanna meet?,,,,,,,,,,,,,
Same, I'm at my great aunts anniversary party in tarpon springs,,,,,,,,,,,,
Dude u knw also telugu..thts gud..k, gud nyt..,,,,,,,,,,,,
Hey ! I want you ! I crave you ! I miss you ! I need you ! I love you, Ahmad Saeed al Hallaq ...,,,,,,,,,,,,
Sent me de webadres for geting salary slip,,,,,,,,,,,,,
Haha, my legs and neck are killing me and my amigos are hoping to end the night with a burn, think I could swing by in like an hour?,,,,,,,,,,,
Hey , is * rite u put »10 evey mnth is that all?,,,,,,,,,,,,
Looks like u wil b getting a headstart im leaving here bout 2.30ish but if u r desperate for my company I could head in earlier-we were goin to meet in rummer.,,,,,,,,,,,,,
Good morning princess! How are you?,,,,,,,,,,,,,
That sucks. I'll go over so u can do my hair. You'll do it free right?,,,,,,,,,,,,,
Anyway seriously hit me up when you're back because otherwise I have to light up with armand and he always has shit and/or is vomiting,,,,,,,,,,,,,
No current and food here. I am alone also,,,,,,,,,,,,,
URGENT! We are trying to contact U. Todays draw shows that you have won a £800 prize GUARANTEED. Call 09050003091 from land line. Claim C52. Valid12hrs only,,,,,,,,,,,,,
What time is ur flight tmr?,,,,,,,,,,,,,
Up to ü... Ü wan come then come lor... But i din c any stripes skirt...,,,,,,,,,,,,,
Ok thanx...,,,,,,,,,,,,,
Love has one law, Make happy the person you love. In the same way friendship has one law, Never make ur friend feel alone until you are alive.... Gud night,,,,,,,,,,,
How about getting in touch with folks waiting for company? Just txt back your NAME and AGE to opt in! Enjoy the community (150p/SMS),,,,,,,,,,,,,
Good morning. At the repair shop--the ONLY reason i'm up at this hour.,,,,,,,,,,,,,
This is the 2nd attempt to contract U, you have won this weeks top prize of either £1000 cash or £200 prize. Just call 09066361921,,,,,,,,,,,,
Sday only joined.so training we started today:),,,,,,,,,,,,,
Great. P diddy is my neighbor and comes for toothpaste every morning,,,,,,,,,,,,,
Im done. Just studyn in library,,,,,,,,,,,,,
The fact that you're cleaning shows you know why i'm upset. Your priority is constantly what i want to do, not what i need to do.,,,,,,,,,,,,
Bognor it is! Should be splendid at this time of year.,,,,,,,,,,,,,
Sorry, was in the bathroom, sup,,,,,,,,,,,
I've sent my wife your text. After we buy them she'll tell you what to do. So just relax. We should go get them this wkend.,,,,,,,,,,,,,
LOOK AT THE FUCKIN TIME. WHAT THE FUCK YOU THINK IS UP,,,,,,,,,,,,,
Sorry, got a late start, we're on the way,,,,,,,,,,,
Thanks for ve lovely wisheds. You rock,,,,,,,,,,,,,
Oh you got many responsibilities.,,,,,,,,,,,,,
Have you seen who's back at Holby?!,,,,,,,,,,,,,
* FREE* POLYPHONIC RINGTONE Text SUPER to 87131 to get your FREE POLY TONE of the week now! 16 SN PoBox202 NR31 7ZS subscription 450pw,,,,,,,,,,,,,
Only once then after ill obey all yours.,,,,,,,,,,,,,
You have 1 new message. Please call 08715205273,,,,,,,,,,,,,
If I was I wasn't paying attention,,,,,,,,,,,,,
Total disappointment, when I texted you was the craziest shit got :(,,,,,,,,,,,,
It's cool, we can last a little while. Getting more any time soon?,,,,,,,,,,,,
Do you still have the grinder?,,,,,,,,,,,,,
My tuition is at 330. Hm we go for the 1120 to 1205 one? Do you mind?,,,,,,,,,,,,,
Yesterday its with me only . Now am going home.,,,,,,,,,,,,,
How come?,,,,,,,,,,,,,
Awesome, think we can get an 8th at usf some time tonight?,,,,,,,,,,,,
I jokin oni lar.. Ü busy then i wun disturb ü.,,,,,,,,,,,,,
I'm putting it on now. It should be ready for  &lt,TIME&gt, ,,,,,,,,,,,
Hey they r not watching movie tonight so i'll prob b home early...,,,,,,,,,,,,,
Cos i was out shopping wif darren jus now n i called him 2 ask wat present he wan lor. Then he started guessing who i was wif n he finally guessed darren lor.,,,,,,,,,,,,,
Are you coming to day for class.,,,,,,,,,,,,,
Me not waking up until 4 in the afternoon, sup,,,,,,,,,,,,
The gas station is like a block away from my house, you'll drive right by it since armenia ends at swann and you have to take howard,,,,,,,,,,,,
What's ur pin?,,,,,,,,,,,,,
No..its ful of song lyrics..,,,,,,,,,,,,,
Yoyyooo u know how to change permissions for a drive in mac. My usb flash drive,,,,,,,,,,,,,
wamma get laid?want real doggin locations sent direct to your mobile? join the UKs largest dogging network. txt dogs to 69696 now!nyt. ec2a. 3lp £1.50/msg.,,,,,,,,,,,,,
She left it very vague. She just said she would inform the person in accounting about the delayed rent and that i should discuss with the housing agency about my renting another place. But checking online now and all places around usc are  &lt,#&gt,  and up,,,,,,,,,,,
Thats cool. I want to please you...,,,,,,,,,,,,,
Dear Voucher Holder, To claim this weeks offer, at your PC please go to http://www.wtlp.co.uk/text. Ts&Cs apply.,,,,,,,,,,,
Ü all write or wat..,,,,,,,,,,,,,
I need you to be in my strong arms...,,,,,,,,,,,,,
Painful words- I thought being Happy was the most toughest thing on Earth... But, the toughest is acting Happy with all unspoken pain inside..,,,,,,,,,,,,
Dont search love, let love find U. Thats why its called falling in love, bcoz U dont force yourself, U just fall and U know there is smeone to hold U... BSLVYL,,,,,,,,,,
Sorry. You never hear unless you book it. One was kinda a joke--thet were really looking for skinny white girls. The other was one line--you can only do so much on camera with that. Something like that they're casting on the look.,,,,,,,,,,,,,
Sorry da thangam, very very sorry i am held up with prasad.,,,,,,,,,,,,
Why you keeping me away like this,,,,,,,,,,,,,
awesome, how do I deal with the gate? Charles told me last night but, uh, yeah,,,,,,,,,,
Wen ur lovable bcums angry wid u, dnt take it seriously.. Coz being angry is d most childish n true way of showing deep affection, care n luv!.. kettoda manda... Have nice day da.,,,,,,,,,,,
No wonder... Cos i dun rem seeing a silver car... But i thk i saw a black one...,,,,,,,,,,,,,
dating:i have had two of these. Only started after i sent a text to talk sport radio last week. Any connection do you think or coincidence?,,,,,,,,,,,,,
Thanks for being there for me just to talk to on saturday. You are very dear to me. I cherish having you as a brother and role model.,,,,,,,,,,,,,
Thanks for your ringtone order, ref number R836. Your mobile will be charged £4.50. Should your tone not arrive please call customer services on 09065069154,,,,,,,,,,,,
ITS A LAPTOP TAKE IT WITH YOU.,,,,,,,,,,,,,
This is the 2nd time we have tried 2 contact u. U have won the 750 Pound prize. 2 claim is easy, call 08718726970 NOW! Only 10p per min. BT-national-rate ,,,,,,,,,,,,
Send a logo 2 ur lover - 2 names joined by a heart. Txt LOVE NAME1 NAME2 MOBNO eg LOVE ADAM EVE 07123456789 to 87077 Yahoo! POBox36504W45WQ TxtNO 4 no ads 150p.,,,,,,,,,,,,,
haha but no money leh... Later got to go for tuition... Haha and looking for empty slots for driving lessons,,,,,,,,,,,,,
If u dun drive then how i go 2 sch.,,,,,,,,,,,,,
Why must we sit around and wait for summer days to celebrate. Such a magical sight when the worlds dressed in white. Oooooh let there be snow.,,,,,,,,,,,,,
What type of stuff do you sing?,,,,,,,,,,,,,
Ok,,,,,,,,,,,,,
U ned to convince him tht its not possible witot hurting his feeling its the main,,,,,,,,,,,,,
Wake me up at  &lt,#&gt,  am morning:),,,,,,,,,,,
